periodo,idest,pering,programa,sexest,creditos,notafin,vecesmat
20141,200046,20122,Ingeniería Civil,M,3,3.4,1
20141,69230,20102,Ingeniería Civil,F,3,3.8,2
20141,199115,20122,Biología,F,3,3.3,1
20141,62318,20091,Ingeniería Civil,M,3,3.0,1
20141,75152,20121,Ingeniería Civil,F,3,3.0,1
20141,199443,20122,Ingeniería Civil,M,3,2.3,1
20141,69161,20102,Biología,F,3,3.1,1
20141,70723,20111,Ingeniería Civil,F,3,3.0,2
20141,73121,20112,Biología,F,3,3.1,1
20141,70430,20122,Biología,M,3,3.5,2
20141,199388,20122,Biología,M,3,3.0,1
20141,73374,20112,Ingeniería Civil,M,3,3.1,1
20141,75685,20121,Biología,F,3,3.5,1
20141,199733,20122,Biología,F,3,3.0,2
20141,200076,20122,Ingeniería Civil,M,3,3.3,1
20141,27160,20001,Ingeniería Civil,M,3,3.0,8
20141,73426,20112,Ingeniería Electrónica,M,3,4.1,1
20141,217954,20131,Ingeniería Civil,M,3,3.3,1
20141,73465,20112,Ingeniería Electrónica,M,3,3.6,1
20141,72448,20121,Ingeniería Civil,F,3,3.4,1
20141,200187,20122,Ingeniería Civil,F,3,4.0,1
20141,199481,20122,Ingeniería Civil,M,3,3.3,1
20141,72624,20112,Ingeniería Electrónica,M,3,3.6,1
20141,73317,20112,Ingeniería Electrónica,M,3,3.8,1
20141,199344,20122,Ingeniería Civil,M,3,3.5,1
20141,218406,20131,Ingeniería Civil,M,3,3.8,1
20141,65842,20101,Ingeniería Civil,F,3,3.9,3
20141,199358,20122,Ingeniería Civil,M,3,3.1,1
20141,200086,20122,Ingeniería Civil,M,3,3.3,1
20141,75670,20122,Ingeniería Civil,M,3,3.1,1
20141,199567,20122,Ingeniería Civil,M,3,3.3,1
20141,75401,20121,Ingeniería de Sistemas,M,3,3.0,1
20141,200117,20122,Ingeniería Civil,M,3,3.4,1
20141,64482,20102,Ingeniería de Sistemas,M,3,3.2,1
20141,73518,20112,Ingeniería Civil,M,3,3.2,1
20141,199880,20122,Ingeniería Civil,F,3,3.7,1
20141,70961,20111,Ingeniería Civil,M,3,3.7,2
20141,65991,20122,Ingeniería Civil,F,3,3.7,1
20141,199264,20122,Ingeniería Civil,M,3,3.4,1
20141,70832,20111,Ingeniería Civil,F,3,3.2,1
20141,200344,20122,Ingeniería Civil,M,3,3.1,1
20141,75787,20121,Ingeniería Civil,F,3,3.5,1
20141,75399,20121,Ingeniería Civil,M,3,3.3,1
20141,61282,20082,Ingeniería de Sistemas,M,3,3.1,1
20141,71130,20111,Ingeniería Civil,M,3,3.1,2
20141,199056,20122,Ingeniería Civil,M,3,3.0,1
20141,199331,20122,Ingeniería Civil,F,3,3.4,1
20141,72883,20121,Ingeniería Civil,M,3,3.4,2
20141,198118,20121,Matemáticas Aplicadas,F,3,3.4,1
20141,199013,20122,Ingeniería Civil,F,3,4.8,1
20141,199106,20122,Ingeniería Civil,F,3,4.0,1
20141,199733,20122,Biología,F,3, ,2
20141,200103,20122,Ingeniería Civil,F,3,3.0,1
20141,199075,20122,Ingeniería Civil,F,3,3.0,1
20141,71277,20111,Ingeniería Electrónica,M,3,3.1,1
20141,200118,20122,Ingeniería Civil,F,3,4.2,1
20141,199014,20122,Ingeniería Civil,M,3,4.9,1
20141,200240,20122,Ingeniería Civil,M,3,4.7,1
20141,199066,20122,Ingeniería Civil,F,3,4.2,1
20141,199297,20122,Ingeniería Civil,F,3,2.7,1
20141,199514,20122,Ingeniería Civil,M,3,3.2,1
20141,68920,20102,Ingeniería Electrónica,F,3,3.1,2
20141,199631,20122,Ingeniería Civil,F,3,3.0,1
20141,199980,20122,Ingeniería Civil,M,3,3.0,1
20141,217906,20131,Ingeniería Civil,F,3,2.5,1
20141,34275,20092,Ingeniería de Sistemas,M,3,2.7,1
20141,199951,20122,Ingeniería Civil,F,3,3.2,1
20141,199365,20122,Ingeniería Civil,M,3,3.5,1
20141,70644,20111,Ingeniería Civil,M,3,1.9,1
20141,198887,20122,Ingeniería Civil,M,3,3.1,1
20141,199339,20122,Ingeniería Civil,F,3,3.2,1
20141,198879,20122,Ingeniería Civil,F,3,3.4,1
20141,199651,20122,Ingeniería Civil,F,3,3.6,1
20141,199549,20122,Ingeniería Civil,M,3,3.2,1
20141,75165,20121,Ingeniería Civil,F,3,3.0,1
20141,199158,20122,Ingeniería Civil,M,3,4.4,1
20141,68838,20141,Ingeniería Civil,M,3,2.5,1
20141,199034,20122,Ingeniería Civil,M,3,3.3,1
20141,199588,20122,Ingeniería Civil,M,3,4.3,1
20141,199284,20122,Ingeniería Civil,M,3,3.4,1
20141,199609,20122,Ingeniería Civil,M,3,3.1,1
20141,200362,20122,Ingeniería Civil,M,3,3.2,1
20142,59264,20081,Ingeniería de Sistemas,M,3,3.3,1
20142,200379,20122,Ingeniería Civil,M,3,3.8,1
20142,75597,20121,Ingeniería Electrónica,M,3,3.4,1
20142,73057,20112,Ingeniería de Sistemas,M,3,3.8,1
20142,218494,20131,Ingeniería Civil,F,3,3.1,1
20142,72572,20122,Ingeniería Electrónica,M,3,4.2,1
20142,75691,20121,Ingeniería Electrónica,M,3,3.4,1
20142,75323,20121,Ingeniería Electrónica,M,3,4.2,1
20142,74224,20112,Ingeniería Civil,M,3,3.8,1
20142,70644,20111,Ingeniería Civil,M,3,3.2,2
20142,199590,20122,Ingeniería Civil,M,3,4.3,1
20142,64602,20092,Ingeniería Electrónica,M,3,3.1,1
20142,199324,20122,Ingeniería Civil,M,3,4.2,1
20142,220376,20132,Ingeniería Civil,M,3,3.2,1
20142,67635,20102,Ingeniería Electrónica,M,3,3.2,1
20142,73334,20112,Biología,F,3,3.0,1
20142,217952,20141,Biología,F,3,3.0,1
20142,217133,20131,Ingeniería Civil,M,3,3.5,1
20142,74933,20121,Ingeniería Civil,M,3,4.0,1
20142,217320,20131,Ingeniería Civil,M,3, ,1
20142,216194,20131,Ingeniería Civil,M,3,4.0,1
20142,218628,20131,Ingeniería Civil,F,3,3.3,1
20142,75847,20121,Ingeniería Civil,M,3,3.1,1
20142,183278,20121,Ingeniería Electrónica,M,3,3.1,1
20142,198906,20122,Ingeniería Civil,M,3,2.0,1
20142,183333,20121,Ingeniería Electrónica,M,3,3.8,1
20142,218022,20131,Ingeniería Civil,M,3,3.2,1
20142,224439,20141,Ingeniería de Sistemas,M,3,3.3,1
20142,73847,20112,Ingeniería de Sistemas,M,3,4.3,2
20142,73073,20112,Ingeniería Electrónica,M,3,3.8,1
20142,68722,20102,Ingeniería de Sistemas,M,3,4.1,1
20142,73767,20131,Ingeniería Civil,F,3,4.2,1
20142,65759,20101,Ingeniería de Sistemas,M,3,4.2,1
20142,199316,20122,Ingeniería de Sistemas,M,3,4.7,1
20142,75720,20121,Ingeniería Civil,M,3,4.1,1
20142,75474,20121,Ingeniería Civil,M,3,3.4,1
20142,183166,20121,Ingeniería Civil,M,3,3.3,1
20142,217756,20131,Ingeniería Civil,F,3,4.1,1
20142,73885,20112,Ingeniería de Sistemas,M,3,3.9,1
20142,68838,20141,Ingeniería Civil,M,3,3.5,2
20142,199297,20122,Ingeniería Civil,F,3,4.2,2
20142,199394,20122,Ingeniería Electrónica,M,3,3.5,1
20142,183247,20121,Ingeniería Civil,M,3,4.5,2
20142,75602,20121,Ingeniería Electrónica,M,3,4.2,1
20142,70456,20111,Ingeniería de Sistemas,M,3,3.8,1
20142,200096,20122,Ingeniería Civil,F,3,4.3,1
20142,220475,20132,Ingeniería Civil,M,3,4.4,1
20142,199532,20122,Ingeniería Civil,M,3,3.2,1
20142,199200,20122,Ingeniería de Sistemas,M,3,3.5,1
20142,202263,20131,Biología,M,3,3.9,1
20142,183127,20122,Ingeniería Civil,F,3,3.4,1
20142,61254,20082,Ingeniería de Sistemas,M,3,3.5,1
20142,200363,20131,Biología,M,3,3.3,1
20142,202218,20131,Biología,M,3,3.8,1
20142,58665,20081,Ingeniería Electrónica,M,3,3.4,1
20142,75604,20121,Ingeniería Civil,M,3,4.1,1
20142,198727,20122,Ingeniería Civil,F,3,4.1,1
20142,183340,20121,Ingeniería Civil,F,3,3.4,1
20142,218310,20131,Ingeniería Civil,M,3,2.4,1
20142,217377,20131,Ingeniería Civil,F,3,3.2,1
20142,217906,20131,Ingeniería Civil,F,3,3.3,2
20142,199363,20131,Negocios Internacionales,F,3,3.9,1
20142,217345,20131,Negocios Internacionales,F,3,3.5,1
20142,199110,20131,Negocios Internacionales,M,3,3.1,1
20142,199749,20131,Matemáticas Aplicadas,M,3,3.1,1
20142,217090,20131,Negocios Internacionales,F,3,3.8,1
20142,199306,20131,Negocios Internacionales,F,3,3.1,1
20142,217421,20131,Negocios Internacionales,M,3,3.5,1
20142,56619,20071,Ingeniería Industrial,M,3,2.2,1
20142,199090,20131,Negocios Internacionales,F,3,3.0,1
20142,74954,20131,Negocios Internacionales,M,3,3.1,1
20142,75198,20121,Ingeniería de Sistemas,M,3,3.0,1
20142,183215,20121,Ingeniería de Sistemas,M,3,3.3,1
20142,75370,20121,Ingeniería Civil,F,3,2.6,1
20142,200024,20131,Ingeniería Civil,M,3,4.4,1
20142,218633,20132,Ingeniería Civil,F,3, ,1
20142,74821,20121,Ingeniería Civil,M,3, ,1
20142,74863,20121,Ingeniería Civil,F,3,3.7,1
20151,2114480,20142,Ingeniería de Sistemas,M,3,1.2,1
20151,220408,20132,Ingeniería Civil,M,3,3.2,1
20151,220838,20132,Ingeniería Civil,M,3,3.1,1
20151,221104,20132,Ingeniería Civil,M,3,3.4,1
20151,224382,20141,Ingeniería Civil,M,3,2.9,1
20151,224567,20141,Ingeniería Civil,M,3,3.1,1
20151,198759,20122,Ingeniería Electrónica,F,3,2.8,1
20151,60990,20111,Ingeniería Electrónica,M,3,3.3,1
20151,224271,20141,Ingeniería Civil,M,3, ,1
20151,217587,20131,Ingeniería Civil,F,3,2.9,1
20151,199506,20122,Ingeniería Electrónica,M,3,4.3,1
20151,220451,20132,Ingeniería Civil,M,3,3.6,1
20151,1911337,20142,Ingeniería Electrónica,M,3,3.1,1
20151,67362,20102,Ingeniería Electrónica,M,4,3.3,2
20151,199206,20122,Biología,F,3,3.2,1
20151,199513,20122,Ingeniería de Sistemas,M,3,3.0,1
20151,75797,20141,Ingeniería Civil,M,3,3.0,1
20151,202254,20131,Ingeniería Civil,M,3,3.1,1
20151,199840,20122,Ingeniería Electrónica,M,3,3.0,1
20151,217739,20131,Biología,F,3,3.0,1
20151,73066,20112,Ingeniería de Sistemas,M,3,3.1,1
20151,220864,20141,Ingeniería Civil,M,3,3.9,1
20151,199842,20122,Ingeniería Electrónica,M,3,3.1,1
20151,220516,20132,Ingeniería Civil,F,3,3.3,1
20151,199850,20131,Ingeniería Civil,F,3,3.0,1
20151,74821,20121,Ingeniería Civil,M,3,1.3,2
20151,198994,20132,Ingeniería Civil,M,3,3.1,1
20151,224695,20142,Ingeniería Electrónica,M,3,3.8,1
20151,221578,20132,Ingeniería Civil,M,3,3.0,1
20151,198906,20122,Ingeniería Civil,M,3, ,2
20151,183156,20121,Ingeniería Civil,F,3,3.5,1
20151,26865,992,Ingeniería Electrónica,M,3, ,1
20151,216949,20131,Ingeniería Civil,F,3,3.8,1
20151,219841,20132,Ingeniería Civil,M,3,3.6,1
20151,73740,20112,Biología,M,3,2.6,1
20151,217094,20131,Ingeniería Civil,F,3,3.2,1
20151,75745,20121,Ingeniería Civil,F,3, ,1
20151,217376,20131,Ingeniería Civil,F,3,3.2,1
20151,221362,20132,Ingeniería Civil,M,3,2.4,1
20151,220449,20132,Ingeniería Civil,M,3,3.9,1
20151,1484765,20142,Ingeniería Civil,M,3,2.1,1
20151,73692,20112,Ingeniería Electrónica,M,3,3.3,1
20151,220581,20132,Biología,F,3,3.0,1
20151,220508,20132,Biología,F,3,3.0,1
20151,75169,20132,Ingeniería Civil,F,3,3.5,1
20151,217320,20131,Ingeniería Civil,M,3,3.6,2
20151,71599,20111,Ingeniería Civil,M,3,3.3,1
20151,224423,20141,Ingeniería Civil,M,3,3.8,1
20151,220254,20132,Ingeniería Civil,M,3,4.6,1
20151,217457,20131,Ingeniería Civil,M,3,3.3,1
20151,219774,20132,Ingeniería Civil,M,3,3.0,1
20151,1801187,20142,Ingeniería Civil,M,3, ,1
20151,217411,20131,Ingeniería Civil,M,3,3.5,1
20151,216948,20131,Ingeniería Civil,M,3,3.0,1
20151,199420,20122,Ingeniería Electrónica,M,3,3.0,1
20151,73265,20112,Ingeniería Civil,M,3,3.6,1
20151,67266,20102,Ingeniería de Sistemas,M,3,3.4,1
20151,217047,20131,Ingeniería Civil,M,3,3.7,1
20151,75316,20131,Ingeniería Civil,M,3,3.0,1
20151,1803530,20142,Ingeniería Civil,M,3, ,1
20151,217107,20131,Ingeniería Civil,F,3,3.5,1
20151,217408,20131,Ingeniería Civil,M,3,3.4,1
20151,218179,20131,Ingeniería Civil,F,3,3.2,1
20151,217016,20131,Ingeniería Civil,M,3,3.3,1
20151,223757,20141,Matemáticas Aplicadas,M,3,4.6,1
20151,220046,20132,Negocios Internacionales,M,3,3.2,1
20151,217942,20131,Negocios Internacionales,M,3, ,1
20151,218037,20131,Negocios Internacionales,F,3,3.3,1
20151,65951,20132,Negocios Internacionales,M,3,1.4,1
20151,201984,20131,Negocios Internacionales,F,3,3.9,1
20151,219808,20132,Negocios Internacionales,M,3,2.1,1
20151,202030,20141,Negocios Internacionales,F,3,2.1,1
20151,220349,20132,Negocios Internacionales,F,3,3.8,1
20151,220107,20151,Negocios Internacionales,F,3,2.6,1
20151,217060,20131,Negocios Internacionales,F,3,3.7,1
20152,221072,20132,Biología,F,3,3.3,1
20152,217100,20131,Ingeniería Civil,F,3,4.2,1
20152,75745,20121,Ingeniería Civil,F,3,3.1,2
20152,219749,20132,Ingeniería Civil,M,3,2.4,1
20152,218139,20131,Ingeniería Civil,F,3,3.9,1
20152,199069,20132,Matemáticas Aplicadas,F,3,4.1,1
20152,220753,20132,Ingeniería Civil,M,3,3.2,1
20152,220764,20132,Ingeniería Civil,M,3,3.4,1
20152,220570,20132,Ingeniería Civil,M,3,4.4,1
20152,5940463,20151,Ingeniería Civil,M,3,3.4,1
20152,220474,20132,Biología,F,3,3.6,1
20152,221062,20132,Ingeniería Civil,M,3,4.0,1
20152,218048,20131,Ingeniería Civil,M,3,3.4,1
20152,217967,20131,Ingeniería Civil,M,3,3.1,1
20152,218102,20131,Ingeniería Civil,M,3,3.1,1
20152,218433,20141,Ingeniería Civil,M,3,3.0,1
20152,217645,20131,Ingeniería Civil,M,3, ,1
20152,2359671,20142,Ingeniería Civil,M,3,3.2,1
20152,223021,20141,Biología,F,3,3.0,1
20152,224411,20141,Biología,M,3,3.0,1
20152,217837,20131,Ingeniería Civil,M,3,3.1,1
20152,198848,20141,Ingeniería Civil,F,3,3.1,1
20152,224382,20141,Ingeniería Civil,M,3,3.1,2
20152,220694,20132,Ingeniería Civil,M,3,3.5,1
20152,223712,20141,Ingeniería Civil,F,3,3.0,1
20152,218633,20132,Ingeniería Civil,F,3,3.3,2
20152,221391,20132,Biología,F,3,3.0,1
20152,74821,20121,Ingeniería Civil,M,3,3.1,3
20152,220684,20132,Ingeniería Civil,F,3,2.9,1
20152,217587,20131,Ingeniería Civil,F,3,3.3,2
20152,218021,20142,Biología,M,3,2.2,1
20152,199547,20122,Ingeniería Electrónica,M,3,0.7,1
20152,217944,20131,Ingeniería Electrónica,M,3,3.4,1
20152,220211,20141,Ingeniería Civil,M,3,3.3,1
20152,220352,20132,Ingeniería Civil,M,3,3.6,1
20152,72890,20112,Ingeniería de Sistemas,M,3,3.3,1
20152,220234,20132,Ingeniería de Sistemas,M,3,3.9,1
20152,34275,20092,Ingeniería de Sistemas,M,3,3.2,2
20152,200020,20122,Ingeniería Electrónica,F,3,3.4,1
20152,200000,20132,Ingeniería Civil,F,3,4.0,1
20152,199961,20131,Ingeniería Electrónica,M,3,4.7,1
20152,199081,20132,Ingeniería Civil,M,3,3.5,1
20152,221121,20132,Ingeniería Civil,F,3,3.7,1
20152,220400,20132,Ingeniería Civil,F,3,3.7,1
20152,217797,20131,Ingeniería Electrónica,M,3,3.1,1
20152,221220,20132,Biología,F,3,3.0,1
20152,223745,20141,Negocios Internacionales,F,3,4.0,1
20152,221362,20132,Ingeniería Civil,M,3,3.3,2
20152,217114,20151,Administración de Empresas,M,3,3.1,1
20152,199759,20131,Ingeniería Electrónica,M,3,3.0,1
20152,74062,20112,Biología,M,3,3.5,1
20152,220695,20132,Ingeniería Civil,F,3,3.0,1
20152,72208,20112,Ingeniería Civil,M,3,3.4,1
20152,199349,20122,Ingeniería Electrónica,M,3,3.4,1
20152,183313,20121,Ingeniería Electrónica,M,3,3.1,1
20152,73740,20112,Biología,M,3,3.4,2
20152,221252,20132,Ingeniería Civil,M,3, ,1
20152,220830,20132,Ingeniería Civil,F,3,4.9,1
20152,218045,20131,Ingeniería Electrónica,F,3,3.2,1
20152,223268,20141,Ingeniería Electrónica,M,3,3.2,1
20152,220880,20132,Negocios Internacionales,F,3,3.4,1
20152,220779,20132,Negocios Internacionales,F,3,3.3,1
20152,220402,20132,Negocios Internacionales,M,3,2.6,1
20152,220239,20132,Negocios Internacionales,M,3,3.4,1
20152,220364,20132,Negocios Internacionales,F,3,3.1,1
20152,220353,20132,Negocios Internacionales,F,3,3.5,1
20152,220643,20132,Negocios Internacionales,M,3,4.2,1
20152,220623,20132,Negocios Internacionales,F,3,4.0,1
20152,220435,20132,Negocios Internacionales,F,3,3.2,1
20152,221347,20132,Negocios Internacionales,M,3,4.5,1
20152,217037,20132,Negocios Internacionales,F,3,3.0,1
20152,221866,20132,Negocios Internacionales,M,3,4.0,1
20152,199429,20132,Negocios Internacionales,F,3,3.7,1
20152,220132,20132,Negocios Internacionales,F,3,4.2,1
20152,220921,20132,Negocios Internacionales,M,3,3.2,1
20152,217122,20131,Negocios Internacionales,M,3,3.0,1
20152,221005,20132,Negocios Internacionales,M,3,2.7,1
20152,199659,20142,Negocios Internacionales,M,3,3.0,1
20152,217660,20131,Negocios Internacionales,M,3,2.8,1
20152,202030,20141,Negocios Internacionales,F,3,3.5,2
20152,220898,20132,Negocios Internacionales,M,3,3.0,1
20152,221047,20132,Negocios Internacionales,M,3,2.5,1
20152,64356,20131,Negocios Internacionales,F,3,3.0,1
20152,220905,20132,Negocios Internacionales,M,3,2.6,1
20152,219638,20132,Negocios Internacionales,F,3,2.6,1
20152,220917,20152,Negocios Internacionales,M,3,3.2,1
20152,218510,20131,Negocios Internacionales,F,3, ,1
20152,218135,20131,Negocios Internacionales,F,3,3.0,1
20152,217541,20141,Negocios Internacionales,M,3,3.0,1
20161,224303,20141,Ingeniería Civil,M,3,3.2,1
20161,183217,20132,Ingeniería Civil,M,3,3.5,1
20161,220212,20132,Ingeniería Electrónica,M,3,4.0,1
20161,224370,20141,Ingeniería Electrónica,M,3,4.0,1
20161,1893577,20142,Biología,F,3,2.7,1
20161,224829,20141,Ingeniería Civil,M,3,3.2,1
20161,224495,20141,Ingeniería Civil,M,3,2.8,1
20161,224513,20142,Biología,M,3,3.2,1
20161,222899,20141,Ingeniería Civil,M,3,3.4,1
20161,70101,20132,Ingeniería Electrónica,F,3,4.8,1
20161,218507,20131,Ingeniería Civil,M,3,2.7,1
20161,217946,20131,Ingeniería Civil,M,3,3.0,1
20161,2314365,20142,Biología,F,3,2.8,1
20161,2118700,20142,Biología,M,3,2.5,1
20161,218313,20132,Ingeniería Civil,F,3,3.7,1
20161,73803,20112,Ingeniería Civil,M,3,2.8,1
20161,61863,20091,Ingeniería de Sistemas,M,3,2.8,1
20161,221221,20151,Biología,F,3,2.5,1
20161,221252,20132,Ingeniería Civil,M,3,3.1,2
20161,223591,20142,Ingeniería Civil,M,3,3.9,1
20161,221267,20132,Ingeniería Electrónica,M,3,3.3,1
20161,1910630,20142,Biología,M,3,3.0,1
20161,223554,20141,Ingeniería Civil,M,3,3.6,1
20161,221289,20141,Ingeniería Civil,M,3,3.2,1
20161,75479,20122,Ingeniería Electrónica,M,3,3.0,1
20161,63950,20091,Ingeniería Civil,M,3,2.8,1
20161,2336323,20142,Ingeniería Electrónica,M,3,3.3,1
20161,217966,20131,Ingeniería Civil,M,3,3.0,1
20161,221476,20141,Biología,F,3,2.6,1
20161,220966,20132,Ingeniería Civil,F,3,3.8,1
20161,224681,20141,Ingeniería Civil,F,3,3.4,1
20161,220602,20132,Ingeniería Civil,M,3,3.0,1
20161,224752,20141,Ingeniería Civil,M,3,3.6,1
20161,200150,20122,Ingeniería Civil,F,3,3.6,1
20161,216199,20131,Ingeniería de Sistemas,F,3,4.4,1
20161,73020,20121,Ingeniería de Sistemas,M,3,3.6,1
20161,219698,20132,Ingeniería Electrónica,M,3,4.5,1
20161,223400,20141,Ingeniería Civil,F,3,4.2,1
20161,217713,20131,Ingeniería Electrónica,F,3,4.0,1
20161,224904,20141,Ingeniería Civil,M,3,4.0,1
20161,220897,20132,Ingeniería Electrónica,M,3,3.4,1
20161,221012,20132,Ingeniería Electrónica,M,3,4.3,1
20161,222926,20141,Ingeniería Civil,M,3,3.5,1
20161,1733985,20142,Ingeniería Civil,F,3,3.7,1
20161,202176,20131,Ingeniería Electrónica,M,3,3.3,1
20161,223534,20141,Ingeniería Civil,M,3,4.6,1
20161,202257,20131,Ingeniería Electrónica,F,3,3.6,1
20161,220734,20132,Ingeniería Electrónica,M,3,4.5,1
20161,224045,20141,Ingeniería Civil,M,3,4.7,1
20161,224966,20141,Ingeniería Civil,M,3,3.7,1
20161,220794,20132,Ingeniería Electrónica,M,3,3.6,1
20161,220683,20132,Ingeniería Civil,M,3,3.6,1
20161,220431,20132,Ingeniería Electrónica,F,3,4.9,1
20161,1715281,20142,Ingeniería Civil,M,3,3.6,1
20161,221109,20141,Ingeniería Civil,M,3,4.8,1
20161,65368,20092,Ingeniería de Sistemas,M,3,3.2,1
20161,224967,20141,Ingeniería Civil,M,3,3.0,1
20161,220427,20132,Ingeniería Electrónica,F,3,4.5,1
20161,224280,20141,Matemáticas Aplicadas,F,3,3.6,1
20161,223274,20142,Ingeniería Civil,F,3,4.4,1
20161,219749,20132,Ingeniería Civil,M,3,3.1,2
20161,221482,20141,Ingeniería Civil,M,3,3.1,1
20161,224533,20141,Ingeniería Civil,M,3,3.9,1
20161,225204,20141,Ingeniería Civil,M,3,3.4,1
20161,217516,20131,Ingeniería Electrónica,M,3,3.1,1
20161,224772,20141,Ingeniería Civil,M,3,3.8,1
20161,224697,20141,Ingeniería Civil,F,3,4.5,1
20161,221389,20132,Ingeniería Civil,F,3,3.5,1
20161,217014,20131,Ingeniería de Sistemas,M,3,4.1,1
20161,220905,20132,Negocios Internacionales,M,3,3.0,2
20161,198764,20141,Negocios Internacionales,M,3,3.1,1
20161,221005,20132,Negocios Internacionales,M,3,3.1,2
20161,221047,20132,Negocios Internacionales,M,3,2.4,2
20161,220600,20132,Negocios Internacionales,M,3,3.0,1
20161,74852,20151,Negocios Internacionales,M,3,2.3,1
20161,222867,20141,Negocios Internacionales,M,3,3.6,1
20161,1873472,20142,Ingeniería Civil,M,3,4.7,1
20161,224470,20141,Negocios Internacionales,F,3,2.0,1
20161,220402,20132,Negocios Internacionales,M,3,3.0,2
20161,224700,20142,Ingeniería Electrónica,M,3,3.7,1
20161,68698,20102,Ingeniería Electrónica,M,3,3.1,1
20161,223165,20142,Negocios Internacionales,M,3, ,1
20161,221272,20141,Negocios Internacionales,F,3,3.5,1
20161,219791,20132,Negocios Internacionales,M,3,2.7,1
20161,75872,20121,Ingeniería de Sistemas,M,3,3.5,1
20161,223828,20141,Ingeniería Civil,M,3,3.9,1
20161,224360,20141,Matemáticas Aplicadas,M,3,3.9,1
20161,2051519,20142,Matemáticas Aplicadas,M,3,3.7,1
20161,220745,20132,Negocios Internacionales,M,3, ,1
20161,220803,20151,Negocios Internacionales,M,3,3.0,1
20161,220741,20141,Negocios Internacionales,M,3,2.3,1
20161,224355,20141,Ingeniería Civil,M,3,3.0,1
20161,221451,20132,Negocios Internacionales,F,3,3.8,1
20161,221275,20132,Negocios Internacionales,F,3,4.1,1
20161,220690,20132,Negocios Internacionales,M,3,4.2,1
20161,221080,20132,Negocios Internacionales,F,3,3.8,1
20161,200116,20152,Negocios Internacionales,M,3,3.4,1
20161,217660,20131,Negocios Internacionales,M,3,3.6,2
20161,217942,20131,Negocios Internacionales,M,3,3.6,2
20161,221266,20132,Negocios Internacionales,M,3,3.7,1
20161,219638,20132,Negocios Internacionales,F,3,3.3,2
20161,221064,20132,Negocios Internacionales,F,3,3.3,1
20161,218790,20132,Negocios Internacionales,F,3,3.5,1
20161,220179,20132,Negocios Internacionales,F,3,3.0,1
20161,218201,20141,Negocios Internacionales,M,3,3.0,1
20161,220476,20132,Negocios Internacionales,M,3,3.1,1
20161,183255,20141,Negocios Internacionales,F,3,3.7,1
20161,218510,20131,Negocios Internacionales,F,3,3.7,2
20162,221203,20132,Negocios Internacionales,M,3,3.3,1
20162,1557923,20142,Ingeniería Civil,M,3,3.1,1
20162,2224033,20142,Negocios Internacionales,F,3,3.7,1
20162,224463,20141,Ingeniería Civil,M,3,3.1,1
20162,222912,20141,Negocios Internacionales,M,3,3.1,1
20162,220936,20141,Negocios Internacionales,M,3,3.3,1
20162,2207925,20151,Negocios Internacionales,F,3,3.2,1
20162,220745,20132,Negocios Internacionales,M,3,3.4,2
20162,219702,20132,Negocios Internacionales,M,3,3.1,1
20162,1333604,20151,Negocios Internacionales,F,3,3.5,1
20162,217529,20131,Negocios Internacionales,M,3,3.6,1
20162,223678,20141,Negocios Internacionales,M,3,3.3,1
20162,73803,20112,Ingeniería Civil,M,3,3.3,2
20162,1873000,20142,Negocios Internacionales,F,3,4.3,1
20162,8929954,20162,Ingeniería Civil,F,3,3.1,1
20162,1733749,20142,Negocios Internacionales,M,3,3.0,1
20162,2113772,20142,Negocios Internacionales,M,3,3.0,1
20162,2046837,20142,Biología,M,3,3.0,1
20162,220203,20142,Negocios Internacionales,F,3,3.9,1
20162,199704,20141,Negocios Internacionales,M,3,3.7,1
20162,221030,20132,Negocios Internacionales,M,3,3.0,1
20162,2114008,20142,Biología,F,3,3.1,1
20162,2271834,20142,Biología,F,3,3.0,1
20162,1893577,20142,Biología,F,3,3.1,2
20162,2314365,20142,Biología,F,3,3.4,2
20162,72694,20152CV,Biología,M,3,3.7,1
20162,220310,20151,Biología,M,3,3.5,1
20162,221476,20141,Biología,F,3,3.3,2
20162,2118700,20142,Biología,M,3,3.2,2
20162,223113,20141,Biología,F,3,3.0,1
20162,219791,20132,Negocios Internacionales,M,3,3.4,2
20162,2159111,20142,Negocios Internacionales,M,3,3.4,1
20162,221221,20151,Biología,F,3,3.2,2
20162,2610081,20142,Negocios Internacionales,F,3,3.7,1
20162,5943908,20151,Ingeniería Civil,F,3,3.1,1
20162,2006621,20142,Ingeniería Civil,M,3,4.1,1
20162,72946,20112,Ingeniería Electrónica,F,3,3.6,1
20162,59242,20081,Ingeniería de Sistemas,M,3,3.3,1
20162,2165431,20142,Ingeniería Civil,M,3,3.9,1
20162,2341003,20151,Matemáticas Aplicadas,M,3,3.6,1
20162,223705,20141,Ingeniería Civil,F,3,3.1,1
20162,220240,20132,Ingeniería de Sistemas,M,3,4.5,1
20162,1552364,20142,Ingeniería Civil,M,3,4.2,1
20162,2053628,20142,Ingeniería Civil,F,3,3.6,1
20162,224428,20141,Ingeniería Civil,M,3,3.6,1
20162,5256914,20151,Ingeniería Civil,M,3,3.7,1
20162,2006384,20142,Ingeniería Civil,M,3,3.5,1
20162,220577,20132,Ingeniería de Sistemas,M,3,4.0,1
20162,224517,20142,Ingeniería Civil,M,3,3.3,1
20162,5787771,20151,Ingeniería Civil,F,3,4.2,1
20162,1893104,20151,Biología,M,3,3.0,1
20162,2133394,20142,Ingeniería Civil,F,3,3.7,1
20162,224694,20142,Ingeniería Civil,M,3,4.2,1
20162,5460409,20151,Biología,F,3,4.2,1
20162,1648920,20142,Ingeniería Civil,M,3,3.4,1
20162,6244425,20151,Ingeniería Civil,F,3,3.4,1
20162,6087832,20151,Ingeniería Civil,F,3,3.5,1
20162,221396,20141,Ingeniería Civil,M,3,3.7,1
20162,224391,20141,Ingeniería de Sistemas,F,3,3.6,1
20162,223605,20141,Ingeniería de Sistemas,M,3,4.2,1
20162,5438881,20151,Biología,M,3,4.4,1
20162,1873235,20151,Biología,F,3,3.0,1
20162,1912044,20142,Ingeniería Civil,M,3,4.0,1
20162,2360143,20142,Ingeniería Civil,M,3,3.8,1
20162,1890528,20142,Ingeniería Civil,M,3,4.2,1
20162,224568,20141,Ingeniería Electrónica,M,3,3.5,1
20162,5280959,20151,Ingeniería Civil,M,3,3.5,1
20162,61369,20082,Ingeniería Electrónica,M,3,3.4,1
20162,220266,20132,Ingeniería de Sistemas,F,3,3.6,1
20162,1671600,20142,Ingeniería Civil,M,3,3.4,1
20162,8913159,20152,Ingeniería Civil,M,3,4.1,1
20162,2006622,20142,Ingeniería Civil,M,3,3.5,1
20162,2007801,20142,Ingeniería Civil,M,3,3.6,1
20162,220592,20141,Ingeniería Electrónica,M,3,4.0,1
20162,1984142,20142,Ingeniería Civil,F,3,3.4,1
20162,221096,20132,Ingeniería Electrónica,M,3,3.3,1
20162,220684,20132,Ingeniería Civil,F,3,4.0,2
20162,223496,20141,Ingeniería Electrónica,M,3,4.5,1
20162,2004731,20142,Ingeniería Civil,F,3,4.2,1
20162,1872525,20142,Ingeniería de Sistemas,M,3,3.5,1
20162,1894760,20142,Ingeniería de Sistemas,M,3,4.1,1
20162,1873001,20142,Ingeniería Civil,M,3,3.4,1
20162,1487765,20142,Ingeniería Civil,M,3,3.2,1
20162,1738921,20142,Ingeniería Civil,M,3,4.2,1
20162,223531,20141,Ingeniería Civil,M,3,3.1,1
20162,224492,20142,Ingeniería Civil,F,3,3.1,1
20162,2001202,20142,Ingeniería Civil,M,3,4.0,1
20162,5872275,20151,Ingeniería Civil,M,3,3.0,1
20162,1732791,20142,Ingeniería Civil,M,3,3.2,1
20162,1641416,20142,Ingeniería Civil,M,3,3.5,1
20162,1733511,20142,Ingeniería Civil,M,3,4.0,1
20162,200411,20131,Ingeniería de Sistemas,F,3,4.2,1
20162,224425,20141,Ingeniería Electrónica,M,3,3.5,1
20162,223568,20141,Ingeniería Electrónica,F,3,4.3,1
20162,2044015,20142,Matemáticas Aplicadas,M,3,3.4,1
20162,1827391,20142,Ingeniería Civil,M,3,4.4,1
20162,1735858,20142,Ingeniería Civil,F,3,3.5,1
20162,1491899,20142,Ingeniería Civil,F,3,3.3,1
20162,1754076,20142,Ingeniería Civil,M,3,3.9,1
20162,1693321,20142,Ingeniería Civil,M,3,4.4,1
20162,1803530,20142,Ingeniería Civil,M,3,3.5,2
20162,1709891,20142,Ingeniería Civil,M,3,3.7,1
20162,5749863,20151,Ingeniería Electrónica,F,3,3.1,1
20162,220706,20132,Ingeniería de Sistemas,M,3,4.2,1
20162,224042,20141,Ingeniería Electrónica,F,3,3.2,1
20162,220628,20141,Negocios Internacionales,F,3,4.3,1
20162,220754,20141,Negocios Internacionales,M,3,2.4,1
20162,75265,20141,Negocios Internacionales,F,3,3.0,1
20162,220950,20141,Negocios Internacionales,F,3,3.6,1
20162,74852,20151,Negocios Internacionales,M,3,2.4,2
20162,221162,20141,Negocios Internacionales,F,3,3.5,1
20162,223811,20141,Negocios Internacionales,F,3, ,1
20162,223787,20141,Negocios Internacionales,M,3,3.5,1
20162,72623,20141,Negocios Internacionales,F,3,4.0,1
20162,1404397,20142,Negocios Internacionales,F,3,3.3,1
20162,218021,20142,Biología,M,3,2.1,2
20162,220741,20141,Negocios Internacionales,M,3,3.0,2
20162,2209576,20151,Negocios Internacionales,F,3,3.4,1
20162,223819,20141,Negocios Internacionales,F,3,3.0,1
20162,220235,20141,Negocios Internacionales,F,3, ,1
20162,223462,20151,Negocios Internacionales,M,3,2.8,1
20162,220107,20151,Negocios Internacionales,F,3,3.5,2
20162,219786,20132,Negocios Internacionales,F,3,3.3,1
20162,220618,20141,Negocios Internacionales,F,3,3.2,1
20162,199639,20151,Negocios Internacionales,M,3,2.5,1
20162,1077796,20142,Negocios Internacionales,M,3,2.9,1
20162,199819,20141,Negocios Internacionales,M,3,1.1,1
20162,224088,20141,Negocios Internacionales,M,3,3.6,1
20162,219808,20132,Negocios Internacionales,M,3,3.6,2
20162,224153,20141,Negocios Internacionales,F,3,2.9,1
20162,224470,20141,Negocios Internacionales,F,3,3.0,2
20162,7291448,20152CV,Biología,F,3,3.0,1
20162,221864,20142,Negocios Internacionales,M,3,2.6,1
20162,224605,20141,Ingeniería Civil,M,3,3.0,1
20162,6033383,20151,Ingeniería Civil,M,3,3.7,1
20162,74251,20141,Negocios Internacionales,F,3,4.3,1
20162,223283,20141,Negocios Internacionales,M,3,4.9,1
20162,5257616,20151,Ingeniería Civil,F,3,4.2,1
20162,5962985,20151,Ingeniería Civil,F,3,4.6,1
20162,2007564,20151,Ingeniería Civil,F,3,3.8,1
20162,217558,20131,Negocios Internacionales,F,3,3.3,1
20162,220621,20162,Negocios Internacionales,M,3,4.1,1
20162,61863,20091,Ingeniería de Sistemas,M,3,3.0,2
20162,199276,20122,Ingeniería de Sistemas,M,3,3.2,1
20162,2206981,20142,Ingeniería Civil,M,3,3.4,1
20162,224531,20141,Ingeniería Civil,M,3,3.3,1
20162,217380,20131,Negocios Internacionales,F,3,4.0,1
20162,221047,20132,Negocios Internacionales,M,3,2.7,3
20162,224367,20141,Ingeniería Civil,F,3,2.1,1
20162,2315775,20142,Ingeniería Civil,M,3,2.7,1
20162,220887,20132,Ingeniería Civil,M,3,3.1,1
20162,199443,20162,Ingeniería de Sistemas,M,3,3.0,2
20162,8912662,20152,Ingeniería Civil,M,3,3.0,1
20162,1118422,20152,Ingeniería Civil,M,3,3.9,1
20162,5941199,20151,Ingeniería Civil,M,3,3.9,1
20162,223850,20141,Negocios Internacionales,M,3,2.6,1
20162,224284,20141,Ingeniería Civil,M,3,3.1,1
20162,1581948,20142,Negocios Internacionales,F,3,3.0,1
20171,8911871,20152,Biología,M,3,3.4,1
20171,8911032,20152,Biología,M,3,3.7,1
20171,5900736,20151,Biología,M,3,3.0,1
20171,8912166,20152,Biología,M,3,4.0,1
20171,2137615,20142,Ingeniería Civil,M,3,3.3,1
20171,200068,20122,Ingeniería Electrónica,M,3,5.0,1
20171,1985567,20151,Ingeniería Civil,F,3,3.8,1
20171,5938972,20152,Biología,F,3,3.1,1
20171,5415434,20151,Ingeniería Civil,M,3,4.0,1
20171,5073722,20152,Biología,F,3,3.4,1
20171,5124839,20151,Ingeniería Electrónica,M,3,3.7,1
20171,4489052,20161,Ingeniería Civil,M,3,3.4,1
20171,5342148,20151,Ingeniería Civil,M,3,3.8,1
20171,8912224,20152,Ingeniería Civil,M,3,3.7,1
20171,2067848,20142,Ingeniería Electrónica,M,3,3.8,1
20171,5252705,20151,Ingeniería Civil,M,3,4.0,1
20171,220707,20132,Ingeniería Electrónica,M,3,3.6,1
20171,8913116,20152,Matemáticas Aplicadas,F,3,3.3,1
20171,220459,20132,Ingeniería Electrónica,M,3,4.0,1
20171,4809204,20151,Ingeniería Civil,M,3,3.1,1
20171,5273471,20151,Ingeniería Civil,F,3,3.7,1
20171,2044719,20142,Matemáticas Aplicadas,F,3,4.2,1
20171,224188,20141,Ingeniería Civil,F,3,3.6,1
20171,2025330,20142,Ingeniería Electrónica,M,3,4.1,1
20171,8911071,20152,Biología,F,3,3.8,1
20171,1734456,20142,Ingeniería Electrónica,M,3,4.1,1
20171,1800484,20151,Ingeniería Civil,M,3,3.7,1
20171,2140435,20142,Ingeniería Electrónica,M,3,4.1,1
20171,2273242,20151,Ingeniería Electrónica,M,3,3.5,1
20171,8911896,20152,Biología,M,3,3.5,1
20171,6093421,20151,Ingeniería Civil,F,3,3.5,1
20171,5302682,20151,Ingeniería Civil,F,3,3.5,1
20171,8912462,20152,Biología,F,3,4.0,1
20171,5319256,20152,Ingeniería Civil,M,3,3.7,1
20171,5162395,20151,Ingeniería Civil,M,3,3.6,1
20171,1894051,20142,Ingeniería Civil,F,3,4.0,1
20171,5940462,20151,Ingeniería Civil,M,3,3.4,1
20171,5164510,20151,Ingeniería Civil,M,3,3.9,1
20171,199384,20122,Ingeniería de Sistemas,M,3,4.2,1
20171,220704,20141,Ingeniería Civil,M,3,3.0,1
20171,6092521,20151,Ingeniería Civil,M,3,3.4,1
20171,5437938,20151,Ingeniería Civil,M,3,3.3,1
20171,198759,20122,Ingeniería Electrónica,F,3,3.2,2
20171,2740710,20142,Ingeniería Civil,M,3,3.4,1
20171,8910990,20152,Matemáticas Aplicadas,M,3,4.0,1
20171,1153101,20142,Ingeniería Civil,F,3,3.6,1
20171,8927120,20161,Ingeniería de Sistemas,M,3, ,1
20171,7270058,20152,Ingeniería Civil,M,3,4.0,1
20171,2321163,20142,Ingeniería Civil,M,3,2.4,1
20171,2763591,20142,Ingeniería Civil,M,3,3.0,1
20171,5590137,20151,Ingeniería Electrónica,M,3,4.2,1
20171,5457349,20151,Ingeniería Civil,M,3,4.1,1
20171,8912034,20152,Ingeniería Civil,M,3,4.0,1
20171,220541,20132,Ingeniería de Sistemas,M,3,3.6,1
20171,218268,20132,Ingeniería de Sistemas,M,3,3.5,1
20171,220799,20132,Ingeniería de Sistemas,M,3,3.3,1
20171,6095825,20151,Ingeniería Civil,M,3,2.6,1
20171,6034880,20162,Ingeniería Civil,F,3,3.1,1
20171,2117293,20142,Ingeniería Electrónica,M,3,3.9,1
20171,5430139,20151,Ingeniería Civil,F,3,4.0,1
20171,75162,20152,Ingeniería Civil,M,3,3.3,1
20171,1825507,20151,Ingeniería Civil,M,3,3.4,1
20171,5894694,20151,Ingeniería Civil,F,3,3.7,1
20171,56354,20122,Ingeniería Civil,M,3,3.3,1
20171,223425,20141,Ingeniería de Sistemas,M,3,3.4,1
20171,5167552,20151,Ingeniería Electrónica,M,3, ,1
20171,2030958,20142,Ingeniería Electrónica,M,3,4.0,1
20171,5439350,20151,Ingeniería Civil,M,3,3.0,1
20171,5748458,20151,Ingeniería Civil,F,3,3.7,1
20171,2337733,20151,Ingeniería Civil,M,3,3.0,1
20171,1982249,20142,Negocios Internacionales,M,3,3.8,1
20171,1822694,20142,Negocios Internacionales,M,3,3.3,1
20171,224224,20141,Negocios Internacionales,M,3,3.5,1
20171,1873469,20142,Negocios Internacionales,M,3,2.8,1
20171,199639,20151,Negocios Internacionales,M,3,2.5,2
20171,220754,20141,Negocios Internacionales,M,3,3.0,2
20171,2909014,20142,Negocios Internacionales,M,3,3.1,1
20171,218124,20131,Negocios Internacionales,M,3,2.6,1
20171,223462,20151,Negocios Internacionales,M,3,3.5,2
20171,5295187,20151,Ingeniería Civil,F,3,3.0,1
20171,6118109,20151,Ingeniería Electrónica,M,3,3.2,1
20171,224716,20142,Negocios Internacionales,M,3,3.0,1
20171,2023212,20142,Negocios Internacionales,F,3,3.3,1
20171,1357211,20142,Negocios Internacionales,F,3,4.1,1
20171,218153,20142,Negocios Internacionales,M,3,3.5,1
20171,224153,20141,Negocios Internacionales,F,3,3.0,2
20171,183129,20131,Negocios Internacionales,M,3,3.3,1
20171,4944290,20151,Ingeniería Civil,F,3,2.8,1
20171,5919578,20151,Ingeniería Electrónica,M,3,3.1,1
20171,218021,20142,Biología,M,3,2.6,3
20171,5637078,20151,Biología,M,3,3.0,1
20171,1874179,20142,Negocios Internacionales,M,3,3.5,1
20171,2163558,20152,Ingeniería Civil,M,3,3.0,1
20171,1077796,20142,Negocios Internacionales,M,3,3.3,2
20171,223850,20141,Negocios Internacionales,M,3, ,2
20171,8917542,20161,Ingeniería Civil,F,3,2.4,1
20171,2001911,20142,Negocios Internacionales,F,3,3.2,1
20171,2162386,20142,Negocios Internacionales,F,3,3.5,1
20171,2362736,20142,Negocios Internacionales,F,3,2.5,1
20171,74852,20151,Negocios Internacionales,M,3,3.0,3
20171,65951,20132,Negocios Internacionales,M,3,0.7,2
20171,1738448,20142,Negocios Internacionales,F,3,2.7,1
20171,1872764,20142,Ingeniería Electrónica,M,3,3.1,1
20171,5318078,20151,Negocios Internacionales,F,3,3.2,1
20171,224769,20142,Negocios Internacionales,M,3,3.1,1
20171,221303,20142,Negocios Internacionales,F,3,3.5,1
20171,1710831,20142,Negocios Internacionales,M,3,4.2,1
20171,8912380,20152,Negocios Internacionales,F,3,3.2,1
20171,220235,20141,Negocios Internacionales,F,3,1.5,2
20171,2296376,20142,Negocios Internacionales,M,3,3.4,1
20171,5408367,20151,Ingeniería Civil,M,3,2.7,1
20171,1231451,20142,Negocios Internacionales,M,3,3.5,1
20171,75018,20132,Negocios Internacionales,M,3,3.4,1
20171,221231,20142,Negocios Internacionales,M,3,3.8,1
20171,200200,20171,Negocios Internacionales,M,3, ,1
20171,219793,20142,Negocios Internacionales,M,3,3.4,1
20171,1985803,20142,Negocios Internacionales,F,3,3.1,1
20171,1890526,20142,Negocios Internacionales,M,3,3.4,1
20171,1736801,20142,Negocios Internacionales,F,3,3.2,1
20171,200262,20141,Negocios Internacionales,M,3,3.6,1
20171,223165,20142,Negocios Internacionales,M,3,2.7,2
20171,217792,20132,Negocios Internacionales,M,3,3.7,1
20171,5072078,20151,Ingeniería Civil,F,3,4.2,1
20171,1867116,20152,Negocios Internacionales,F,3,3.9,1
20171,4604761,20151,Ingeniería Civil,F,3,3.4,1
20171,6323456,20151,Matemáticas Aplicadas,M,3,1.4,1
20171,221523,20142,Negocios Internacionales,F,3,3.0,1
20171,5235889,20151,Ingeniería Civil,F,3,4.1,1
20171,2321630,20151,Negocios Internacionales,M,3,3.6,1
20171,220468,20141,Negocios Internacionales,M,3,3.8,1
20171,223811,20141,Negocios Internacionales,F,3,2.2,2
20171,2024862,20142,Negocios Internacionales,F,3,3.8,1
20171,221016,20151,Negocios Internacionales,F,3,3.6,1
20171,221083,20142,Negocios Internacionales,M,3, ,1
20171,5409792,20161,Negocios Internacionales,M,3,3.4,1
20171,1645869,20142,Negocios Internacionales,F,3,3.9,1
20171,8912028,20152,Ingeniería Civil,M,3,4.5,1
20171,1094089,20142,Negocios Internacionales,M,3,3.6,1
20171,1738920,20142,Negocios Internacionales,F,3,3.2,1
20171,5632869,20151,Negocios Internacionales,F,3,3.7,1
20171,220659,20142,Negocios Internacionales,F,3,3.6,1
20172,72857,20112,Ingeniería de Sistemas,M,3,3.7,1
20172,71469,20111,Biología,M,3,2.0,1
20172,8922299,20161,Biología,F,3,3.1,1
20172,5430614,20161,Biología,M,3,3.6,1
20172,8919475,20161,Biología,F,3,3.9,1
20172,8918289,20161,Biología,M,3,3.4,1
20172,4939374,20151,Ingeniería Civil,M,3,2.0,1
20172,8918051,20161,Biología,M,3,2.7,1
20172,224722,20152,Matemáticas Aplicadas,M,3,3.0,1
20172,8922297,20161,Biología,F,3,4.1,1
20172,5438882,20151,Ingeniería Electrónica,M,3,3.5,1
20172,6123572,20151,Ingeniería Electrónica,F,3,2.8,1
20172,217302,20142,Ingeniería Civil,M,3,2.4,1
20172,5410261,20151,Ingeniería Electrónica,M,3,3.0,1
20172,2111898,20171,Ingeniería de Sistemas,M,3,4.3,1
20172,8923361,20161,Biología,F,3,3.0,1
20172,8918483,20161,Ingeniería Civil,M,3,2.4,1
20172,8923524,20161,Biología,M,3,3.1,1
20172,4622264,20151,Ingeniería Electrónica,F,3,3.1,1
20172,199398,20122,Ingeniería Electrónica,M,3,P,1
20172,8913267,20161,Matemáticas Aplicadas,F,3,3.0,1
20172,8918424,20161,Ingeniería Civil,M,3,2.5,1
20172,8916507,20161,Biología,F,3,2.7,1
20172,5548578,20151,Ingeniería Electrónica,F,3,3.0,1
20172,8918265,20161,Ingeniería Civil,F,3,3.0,1
20172,8923059,20161,Biología,F,3,3.1,1
20172,5408367,20151,Ingeniería Civil,M,3,2.7,2
20172,4713568,20151,Ingeniería Electrónica,M,3,3.0,1
20172,8922288,20161,Biología,M,3,3.5,1
20172,8912439,20152,Matemáticas Aplicadas,M,3,4.0,1
20172,8927226,20161,Biología,M,3,3.5,1
20172,5892766,20151,Biología,F,3,2.2,1
20172,8918027,20161,Biología,F,3,3.7,1
20172,8913194,20162,Ingeniería Civil,M,3,2.8,1
20172,218021,20142,Biología,M,3,2.7,4
20172,5436282,20152,Ingeniería Civil,F,3,3.0,1
20172,2758677,20142,Ingeniería de Sistemas,M,3,3.6,1
20172,1980845,20142,Ingeniería de Sistemas,M,3,3.9,1
20172,8911963,20161,Ingeniería de Sistemas,F,3,4.8,1
20172,8912169,20161,Ingeniería Civil,M,3,4.2,1
20172,224495,20141,Ingeniería Civil,M,3,3.3,2
20172,8911513,20152,Ingeniería Civil,M,3,3.8,1
20172,8912842,20152,Ingeniería Civil,F,3,3.7,1
20172,8926927,20161,Ingeniería de Sistemas,M,3,3.0,1
20172,73117,20112,Ingeniería de Sistemas,F,3,2.7,1
20172,218852,20151,Ingeniería Civil,F,3, ,1
20172,6095825,20151,Ingeniería Civil,M,3,3.2,2
20172,8913043,20152,Ingeniería Civil,M,3,4.4,1
20172,8913163,20152,Biología,M,3,1.9,1
20172,224367,20141,Ingeniería Civil,F,3,2.6,2
20172,5430373,20151,Ingeniería Civil,F,3,3.0,1
20172,8922336,20161,Ingeniería Civil,F,3,3.3,1
20172,217919,20142,Ingeniería de Sistemas,M,3,3.0,1
20172,1706844,20152,Ingeniería Civil,M,3,3.4,1
20172,6444827,20152,Ingeniería de Sistemas,M,3,3.0,1
20172,8913038,20152,Ingeniería Civil,M,3,3.3,1
20172,5431561,20151,Ingeniería Electrónica,M,3,4.1,1
20172,221068,20152,Ingeniería de Sistemas,M,3,2.6,1
20172,8333144,20152,Ingeniería Civil,M,3,3.8,1
20172,1713166,20142,Ingeniería Civil,M,3,3.0,1
20172,1738450,20142,Ingeniería de Sistemas,M,3,3.1,1
20172,221108,20132,Ingeniería de Sistemas,M,3,3.4,1
20172,1738449,20142,Ingeniería Civil,M,3,2.7,1
20172,8912528,20152,Ingeniería Civil,M,3,2.6,1
20172,8911855,20152,Ingeniería Electrónica,M,3,3.0,1
20172,5167552,20151,Ingeniería Electrónica,M,3,4.4,2
20172,5848626,20151,Ingeniería Civil,M,3,3.4,1
20172,8913005,20152,Ingeniería Electrónica,M,3,4.3,1
20172,75892,20121,Ingeniería Civil,M,3,2.2,1
20172,8912532,20152,Ingeniería de Sistemas,M,3,3.1,1
20172,8912520,20152,Ingeniería de Sistemas,M,3,3.1,1
20172,8925395,20161,Ingeniería Civil,M,3,3.6,1
20172,5007031,20151,Ingeniería Civil,F,3,2.2,1
20172,8918356,20161,Biología,F,3,3.7,1
20172,1980138,20142,Negocios Internacionales,F,3,3.2,1
20172,223165,20142,Negocios Internacionales,M,3,3.4,3
20172,8911727,20152,Negocios Internacionales,F,3,4.2,1
20172,2742586,20142,Biología,F,3,3.0,1
20172,8917951,20161,Negocios Internacionales,F,3,3.1,1
20172,8912709,20152,Ingeniería Civil,M,3,3.7,1
20172,1871111,20161,Negocios Internacionales,F,3,3.6,1
20172,5010534,20152,Ingeniería Civil,M,3,3.4,1
20172,8912661,20161,Negocios Internacionales,F,3,3.0,1
20172,8923082,20162,Ingeniería de Sistemas,M,3,3.7,1
20172,8926902,20161,Negocios Internacionales,F,3,3.2,1
20172,8917560,20161,Negocios Internacionales,M,3,4.0,1
20172,1886768,20152,Ingeniería Civil,F,3,4.4,1
20172,8913243,20152,Ingeniería Civil,M,3,3.5,1
20172,6036619,20151,Negocios Internacionales,F,3,1.1,1
20172,8922903,20161,Negocios Internacionales,M,3,3.5,1
20172,221864,20142,Negocios Internacionales,M,3,3.3,2
20172,1509095,20142,Negocios Internacionales,M,3,3.5,1
20172,8922290,20161,Matemáticas Aplicadas,M,3,3.8,1
20172,6040143,20151,Biología,F,3,3.2,1
20172,5169893,20151,Ingeniería Civil,M,3,3.7,1
20172,8922716,20161,Negocios Internacionales,M,3,3.7,1
20172,8920381,20161,Negocios Internacionales,F,3,3.8,1
20172,199639,20151,Negocios Internacionales,M,3,3.4,3
20172,8912239,20152,Negocios Internacionales,F,3,3.5,1
20172,65951,20132,Negocios Internacionales,M,3,0.0,3
20172,8918507,20161,Negocios Internacionales,M,3,3.0,1
20172,1640948,20151,Negocios Internacionales,F,3,4.0,1
20172,6549607,20151,Negocios Internacionales,F,3,4.1,1
20172,199819,20141,Negocios Internacionales,M,3,3.0,2
20172,216999,20131,Negocios Internacionales,F,3,3.5,2
20172,8911723,20152,Ingeniería Civil,M,3,4.6,1
20172,8912423,20152,Ingeniería Civil,F,3,3.5,1
20172,8931856,20162,Negocios Internacionales,M,3,3.3,1
20172,223282,20141,Negocios Internacionales,F,3,3.7,1
20172,8911122,20152,Ingeniería Civil,M,3,3.5,1
20172,1980375,20142,Ingeniería Civil,F,3,3.6,1
20172,2741413,20142,Negocios Internacionales,M,3,2.7,1
20172,1665498,20142,Negocios Internacionales,F,3,3.9,1
20172,8917402,20161,Negocios Internacionales,F,3,3.1,1
20172,8918487,20161,Negocios Internacionales,F,3,4.4,1
20172,2046126,20151,Negocios Internacionales,M,3,3.4,1
20172,5653890,20151,Negocios Internacionales,F,3,4.5,1
20172,8912710,20152,Ingeniería Civil,M,3,3.2,1
20172,1983428,20151,Negocios Internacionales,M,3,4.0,1
20172,8919707,20161,Negocios Internacionales,F,3,4.0,1
20172,8911656,20161,Negocios Internacionales,M,3,3.5,1
20172,8917022,20161,Negocios Internacionales,F,3,3.4,1
20172,5320433,20151,Negocios Internacionales,F,3,4.5,1
20172,6034643,20151,Negocios Internacionales,F,3,4.3,1
20172,8914705,20161,Negocios Internacionales,M,3,3.6,1
20172,8919422,20161,Negocios Internacionales,F,3,3.7,1
20172,8918358,20161,Negocios Internacionales,M,3,3.1,1
20172,5122495,20151,Negocios Internacionales,F,3,3.5,1
20172,5298245,20151,Negocios Internacionales,M,3,3.5,1
20172,5318783,20151,Negocios Internacionales,M,3,2.5,1
20172,1912282,20151,Negocios Internacionales,F,3,4.4,1
20172,2023447,20142,Negocios Internacionales,F,3,3.3,1
20172,8922331,20161,Negocios Internacionales,F,3,3.2,1
20172,5919329,20151,Negocios Internacionales,M,3,3.9,1
20172,8922327,20161,Negocios Internacionales,F,3,3.4,1
20172,1910393,20151,Negocios Internacionales,M,3,3.9,1
20172,1821273,20142,Negocios Internacionales,F,3,2.8,1
20172,8911851,20152,Biología,F,3,3.3,1
20172,8912731,20152,Biología,M,3,2.9,1
20172,8913222,20162,Matemáticas Aplicadas,M,3,3.8,1
20172,6128432,20151,Ingeniería Civil,M,3,2.6,1
20172,8912655,20152,Negocios Internacionales,M,3,3.0,1
20172,8923962,20161,Negocios Internacionales,F,3,4.3,1
20172,8912062,20162,Biología,F,3,2.9,1
20172,223499,20151,Negocios Internacionales,F,3,3.1,1
20172,8940597,20172,ALE Pregrado Internacional,M,3,4.0,1
20172,8918382,20161,Ingeniería Civil,M,3,3.7,1
20172,2362736,20142,Negocios Internacionales,F,3,1.8,2
20172,2028375,20171,Negocios Internacionales,M,3,3.0,1
20172,1709657,20142,Negocios Internacionales,M,3,2.6,1
20172,1136291,20142,Negocios Internacionales,M,3,1.7,1
20172,8912404,20152,Ingeniería Civil,M,3,3.5,1
20172,5812246,20151,Negocios Internacionales,F,3,4.5,1
20172,5323940,20151,Ingeniería Civil,M,3,3.1,1
20172,5440771,20151,Ingeniería Electrónica,M,3,3.7,1
20172,5431560,20151,Ingeniería Electrónica,F,3,3.9,1
20172,221833,20132,Negocios Internacionales,F,3,3.0,1
20172,5848391,20151,Ingeniería Electrónica,M,3,3.1,1
20172,1978015,20152,Negocios Internacionales,M,3,3.6,1
20172,8926867,20161,Negocios Internacionales,M,3,3.5,1
20172,8911889,20152,Ingeniería Civil,F,3,3.4,1
20172,5325346,20151,Ingeniería Electrónica,M,3,4.2,1
20172,8922458,20161,Ingeniería Civil,F,3,4.2,1
20172,1982485,20142,Negocios Internacionales,M,3,3.0,1
20172,223152,20141,Negocios Internacionales,M,3,3.4,1
20172,221083,20142,Negocios Internacionales,M,3,3.0,2
20172,218415,20131,Ingeniería de Sistemas,F,3,3.3,1
20172,8923527,20161,Ingeniería de Sistemas,M,3,3.7,1
20172,8922893,20161,Ingeniería Civil,M,3,3.3,1
20172,8911072,20152,Ingeniería Civil,M,3,4.0,1
20172,223811,20141,Negocios Internacionales,F,3,3.0,3
20172,1666667,20142,Negocios Internacionales,F,3,3.0,1
20172,8918102,20161,Ingeniería Electrónica,M,3,1.8,1
20172,6094623,20151,Ingeniería Electrónica,M,3,3.8,1
20172,5594122,20151,Negocios Internacionales,F,3,3.5,1
20172,6015206,20151,Ingeniería Electrónica,M,3,3.8,1
20172,6010473,20151,Ingeniería Electrónica,F,3,4.0,1
20172,5725762,20151,Ingeniería Electrónica,M,3,4.1,1
20172,224085,20141,Negocios Internacionales,M,3,2.7,1
20172,5964698,20151,Ingeniería Electrónica,M,3,4.3,1
20172,223700,20152,Ingeniería Civil,M,3,3.8,1
20172,6119935,20151,Ingeniería Civil,F,3,3.0,1
20172,71432,20111,Ingeniería Electrónica,M,3,3.3,1
20172,8923352,20161,Ingeniería Civil,M,3,3.8,1
20172,2135039,20142,Negocios Internacionales,M,3,3.0,2
20172,1873469,20142,Negocios Internacionales,M,3,3.0,2
20172,8919551,20161,Ingeniería Civil,M,3,3.0,1
20181,8912536,20152,Ingeniería Electrónica,M,3,3.7,1
20181,8924351,20162,Biología,F,3,3.9,1
20181,8923603,20161,Ingeniería Civil,M,3,4.4,1
20181,8918759,20161,Ingeniería Civil,M,3,4.2,1
20181,8912738,20152,Ingeniería Electrónica,F,3,3.6,1
20181,8911464,20152,Ingeniería Electrónica,M,3,3.7,1
20181,8912481,20152,Ingeniería de Sistemas,F,3,3.8,1
20181,8923164,20161,Ingeniería Civil,F,3,4.2,1
20181,8917958,20161,Ingeniería Civil,M,3,3.9,1
20181,8922470,20161,Ingeniería Civil,M,3,3.8,1
20181,8918007,20161,Ingeniería Civil,M,3,3.3,1
20181,8920357,20161,Ingeniería Civil,F,3,4.2,1
20181,8918348,20161,Ingeniería Civil,M,3,4.0,1
20181,4967149,20161,Ingeniería Civil,M,3,4.6,1
20181,8920410,20161,Ingeniería Civil,F,3,4.0,1
20181,8931373,20162,Ingeniería Civil,M,3,4.6,1
20181,8922490,20161,Ingeniería Civil,M,3,4.3,1
20181,8911751,20152,Ingeniería Electrónica,M,3,3.7,1
20181,5633105,20161,Ingeniería Civil,M,3,4.0,1
20181,8924454,20161,Ingeniería Civil,F,3,3.9,1
20181,8925385,20161,Ingeniería Civil,M,3,3.8,1
20181,8922498,20161,Ingeniería Civil,M,3,4.0,1
20181,8912240,20152,Ingeniería Electrónica,M,3,4.7,1
20181,8925808,20161,Ingeniería Civil,F,3,3.8,1
20181,8924137,20161,Ingeniería Civil,F,3,4.3,1
20181,8931828,20162,Biología,F,3,3.8,1
20181,8913528,20162,Ingeniería Civil,M,3,3.9,1
20181,8913458,20161,Ingeniería Civil,M,3,4.1,1
20181,8923692,20161,Ingeniería Civil,M,3,4.4,1
20181,8924427,20161,Ingeniería Civil,M,3,4.1,1
20181,8941562,20181,Ingeniería Civil,M,3,3.8,1
20181,8911856,20152,Ingeniería Electrónica,M,3,4.1,1
20181,8918231,20161,Ingeniería Civil,F,3,4.4,1
20181,8910534,20152,Ingeniería Civil,M,3,3.8,1
20181,8912587,20152,Ingeniería Civil,M,3,2.8,1
20181,8911914,20152,Ingeniería Civil,M,3,4.7,1
20181,8911988,20152,Ingeniería Civil,F,3,4.2,1
20181,8913084,20152,Ingeniería Civil,M,3,4.4,1
20181,8912027,20152,Ingeniería Civil,M,3,4.3,1
20181,8912953,20152,Ingeniería Civil,M,3,3.6,1
20181,5413788,20151,Ingeniería Electrónica,F,3,3.7,1
20181,8919573,20161,Ingeniería Civil,F,3,3.9,1
20181,8918710,20161,Ingeniería Civil,F,3,3.7,1
20181,8924344,20161,Ingeniería Civil,F,3,3.6,1
20181,5498445,20151,Ingeniería de Sistemas,M,3,3.4,1
20181,8912686,20161,Ingeniería Civil,F,3,5.0,1
20181,8909094,20152,Ingeniería Civil,F,3,4.2,1
20181,8918539,20161,Ingeniería Civil,F,3,4.1,1
20181,8919570,20161,Ingeniería Civil,F,3,3.8,1
20181,8924122,20161,Ingeniería Civil,M,3,3.1,1
20181,8911878,20152,Ingeniería Civil,M,3,3.5,1
20181,8922502,20161,Ingeniería Civil,M,3,1.9,1
20181,8918110,20161,Ingeniería Civil,M,3,3.5,1
20181,8911886,20152,Ingeniería Civil,M,3,4.2,1
20181,8927112,20162,Ingeniería Civil,F,3,3.7,1
20181,8912513,20152,Ingeniería Civil,M,3,3.2,1
20181,8922503,20161,Ingeniería Civil,M,3,4.2,1
20181,8922400,20161,Ingeniería Civil,M,3,4.0,1
20181,8922269,20161,Ingeniería Civil,M,3,2.3,1
20181,8919723,20161,Ingeniería Civil,M,3,4.1,1
20181,8912675,20152,Ingeniería Civil,M,3,3.6,1
20181,8917382,20161,Ingeniería Civil,M,3,3.9,1
20181,8926542,20162,Matemáticas Aplicadas,M,3,3.6,1
20181,8934332,20171,Ingeniería de Sistemas,M,3,3.0,1
20181,8751680,20161,Ingeniería Civil,M,3,3.5,1
20181,8913194,20162,Ingeniería Civil,M,3,4.0,2
20181,1425663,20142,Negocios Internacionales,F,3,3.0,1
20181,221197,20152,Negocios Internacionales,M,3,2.7,1
20181,2290992,20152,Negocios Internacionales,M,3,3.5,1
20181,2206510,20142,Negocios Internacionales,M,3,3.3,1
20181,199449,20141,Ingeniería de Sistemas,F,3,1.4,1
20181,8923543,20161,Ingeniería Civil,M,3,3.4,1
20181,200012,20131,Negocios Internacionales,F,3,2.7,1
20181,1986038,20142,Negocios Internacionales,M,3,2.3,1
20181,8911717,20152,Negocios Internacionales,F,3,2.7,1
20181,8923921,20161,Ingeniería Civil,M,3,3.0,1
20181,8920417,20161,Ingeniería Civil,M,3,2.6,1
20181,4967148,20151,Negocios Internacionales,F,3,3.0,1
20181,8912293,20152,Negocios Internacionales,F,3,3.8,1
20181,224085,20141,Negocios Internacionales,M,3,2.5,2
20181,223850,20141,Negocios Internacionales,M,3,3.2,3
20181,8923779,20161,Ingeniería Civil,M,3,3.0,1
20181,224086,20151,Negocios Internacionales,M,3,2.5,1
20181,1738448,20142,Negocios Internacionales,F,3,3.0,2
20181,8912912,20161,Ingeniería Civil,M,3,2.8,1
20181,218021,20142,Biología,M,3,3.0,5
20181,8910152,20152,Ingeniería Electrónica,M,3,3.4,1
20181,220851,20151,Negocios Internacionales,M,3,3.1,1
20181,1136291,20142,Negocios Internacionales,M,3,3.6,2
20181,6036619,20151,Negocios Internacionales,F,3,0.9,2
20181,8918424,20161,Ingeniería Civil,M,3,3.6,2
20181,200200,20171,Negocios Internacionales,M,3,1.2,2
20181,8913640,20161,Ingeniería Civil,M,3,3.1,1
20181,8923786,20161,Negocios Internacionales,F,3,3.0,1
20181,8911969,20152,Negocios Internacionales,F,3,3.5,1
20181,221047,20132,Negocios Internacionales,M,3,3.0,4
20181,8918483,20161,Ingeniería Civil,M,3,2.6,2
20181,2021103,20151,Negocios Internacionales,F,3,3.5,1
20181,8912664,20152,Negocios Internacionales,F,3,3.7,1
20181,2117291,20152,Negocios Internacionales,F,3,3.4,1
20181,8912083,20152,Negocios Internacionales,F,3,4.3,1
20181,8911643,20152,Negocios Internacionales,F,3,4.0,1
20181,2001204,20152,Negocios Internacionales,M,3,3.8,1
20181,8912363,20152,Negocios Internacionales,F,3,3.4,1
20181,8912171,20152,Negocios Internacionales,F,3,3.0,1
20181,8912629,20152,Negocios Internacionales,F,3,3.4,1
20181,220553,20162,Negocios Internacionales,M,3,4.0,1
20181,6040406,20152,Negocios Internacionales,M,3,4.9,1
20181,8911899,20152,Negocios Internacionales,F,3,3.3,1
20181,8913860,20152,Negocios Internacionales,F,3,3.0,1
20181,1892168,20142,Negocios Internacionales,M,3, ,1
20181,8654953,20152,Negocios Internacionales,F,3,3.0,1
20181,5340739,20151,Negocios Internacionales,F,3, ,1
20181,5169423,20151,Negocios Internacionales,M,3,3.0,1
20181,223162,20141,Negocios Internacionales,F,3,3.1,1
20181,8911073,20152,Negocios Internacionales,F,3,3.5,1
20181,2023683,20151,Negocios Internacionales,F,3,3.2,1
20181,8912057,20152,Negocios Internacionales,M,3,3.0,1
20181,8911863,20152,Negocios Internacionales,M,3,3.0,1
20181,8911816,20152,Negocios Internacionales,F,3,3.4,1
20181,8910265,20152,Negocios Internacionales,M,3,2.8,1
20181,201951,20161,Negocios Internacionales,F,3,3.2,1
20181,1985094,20151,Negocios Internacionales,M,3,3.1,1
20181,1869698,20151,Negocios Internacionales,F,3,4.3,1
20181,8909218,20152,Negocios Internacionales,M,3,3.2,1
20181,8911906,20161,Negocios Internacionales,M,3,3.1,1
20181,219948,20132,Negocios Internacionales,M,3, ,1
20181,8922377,20161,Ingeniería de Sistemas,M,3,2.0,1
20181,8919431,20161,Ingeniería Civil,M,3, ,1
20181,8919492,20161,Ingeniería Civil,F,3,3.3,1
20181,8919575,20161,Ingeniería Civil,F,3,4.3,1
20181,8922408,20161,Ingeniería Electrónica,M,3,3.7,1
20181,8911669,20172,Biología,F,3,3.4,1
20181,8923137,20161,Ingeniería de Sistemas,M,3,2.0,1
20181,8909058,20161,Ingeniería Civil,M,3,3.7,1
20181,1890525,20142,Ingeniería de Sistemas,M,3,3.1,1
20181,8932031,20162,Ingeniería Civil,M,3,3.2,1
20181,8923354,20161,Ingeniería Civil,F,3,3.6,1
20181,8922499,20161,Ingeniería Civil,M,3,4.5,1
20181,8912062,20162,Biología,F,3,3.2,2
20181,8911527,20152,Ingeniería Civil,M,3,3.2,1
20181,8922604,20161,Ingeniería Civil,F,3,3.4,1
20181,218852,20151,Ingeniería Civil,F,3,0.8,2
20181,1738449,20142,Ingeniería Civil,M,3,3.0,2
20181,5473231,20151,Ingeniería Civil,M,3, ,1
20181,8926736,20161,Ingeniería Civil,F,3,3.3,1
20181,1887703,20142,Ingeniería de Sistemas,M,3, ,1
20181,6120239,20151,Ingeniería Civil,M,3, ,1
20181,6063301,20152,Ingeniería Civil,F,3,3.3,1
20181,217935,20131,Ingeniería Electrónica,M,3, ,1
20181,217302,20142,Ingeniería Civil,M,3, ,2
20181,8923695,20161,Ingeniería Civil,M,3,3.7,1
20181,5408367,20151,Ingeniería Civil,M,3,3.7,3
20181,5007031,20151,Ingeniería Civil,F,3,2.5,2
20181,73117,20112,Ingeniería de Sistemas,F,3,3.0,2
20181,8918046,20161,Ingeniería Civil,F,3,4.2,1
20181,8912528,20152,Ingeniería Civil,M,3,3.2,2
20181,6116590,20151,Ingeniería Electrónica,M,3,2.8,1
20181,8912731,20152,Biología,M,3,3.5,2
20181,5439586,20151,Ingeniería Electrónica,M,3,2.3,1
20181,8918813,20161,Ingeniería Civil,F,3,3.3,1
20181,8912509,20152,Ingeniería Electrónica,M,3,4.7,1
20181,8912139,20152,Ingeniería Civil,M,3,3.0,1
20181,6094923,20151,Ingeniería de Sistemas,M,3,2.8,1
20181,8918316,20162,Biología,M,3,3.0,1
20181,8932269,20162,Biología,F,3,3.1,1
20181,8931686,20162,Biología,M,3,4.1,1
20181,8922203,20161,Ingeniería Civil,M,3,3.2,1
20181,5926720,20162,Biología,F,3,3.2,1
20181,8932734,20162,Biología,M,3,3.0,1
20181,8931910,20162,Biología,F,3,4.1,1
20181,8918083,20161,Ingeniería Civil,M,3,3.6,1
20181,8924326,20162,Ingeniería Civil,F,3,3.7,1
20181,8922250,20171,Ingeniería Civil,F,3,3.8,1
20181,8923546,20161,Ingeniería Electrónica,M,3,3.4,1
20181,8918691,20161,Ingeniería de Sistemas,M,3,3.1,1
20181,8919447,20162,Ingeniería Civil,F,3,3.2,1
20181,8922142,20161,Ingeniería de Sistemas,M,3,2.6,1
20181,8929928,20162,Biología,F,3,4.1,1
20181,8925707,20161,Ingeniería Civil,M,3,3.5,1
20181,218310,20131,Ingeniería Civil,M,3,3.4,2
20181,223552,20141,Ingeniería de Sistemas,M,3,2.8,1
20181,8932816,20162,Ingeniería Civil,F,3,3.0,1
20181,8923359,20161,Ingeniería de Sistemas,M,3,3.6,1
20181,8919505,20161,Ingeniería Civil,M,3,3.2,1
20181,224946,20141,Ingeniería de Sistemas,M,3,3.7,1
20181,5892766,20151,Biología,F,3,2.2,2
20181,8918256,20161,Ingeniería Civil,M,3,0.2,1
20181,217645,20131,Ingeniería Civil,M,3,3.0,2
20181,5729526,20151,Ingeniería Civil,F,3,3.0,1
20181,5436754,20151,Ingeniería Electrónica,M,3,3.7,1
20182,8935028,20171,Ingeniería Civil,F,3,3.7,1
20182,8923370,20162,Ingeniería Civil,M,3,3.7,1
20182,8923439,20161,Matemáticas Aplicadas,F,3,3.3,1
20182,6323456,20151,Matemáticas Aplicadas,M,3,4.1,2
20182,8935432,20171,Ingeniería Electrónica,M,3,4.5,1
20182,8935048,20171,Biología,F,3,3.5,1
20182,8935685,20171,Ingeniería Civil,F,3,3.7,1
20182,8935487,20171,Ingeniería Civil,M,3,3.9,1
20182,8912508,20152,Ingeniería Civil,M,3,4.1,1
20182,8935809,20171,Ingeniería Civil,M,3,4.3,1
20182,8909236,20162,Ingeniería Civil,M,3,4.1,1
20182,8935154,20171,Matemáticas Aplicadas,F,3,4.2,1
20182,8922488,20162,Biología,F,3,3.0,1
20182,8947670,20182,ALE Pregrado Internacional,M,3,3.5,1
20182,6069859,20162,Biología,F,3,3.1,1
20182,8912138,20161,Ingeniería de Sistemas,M,3,4.2,1
20182,8918597,20161,Biología,M,3,3.1,1
20182,8935033,20171,Ingeniería Civil,M,3,4.0,1
20182,8935040,20171,Ingeniería Civil,M,3,4.3,1
20182,8934914,20171,Ingeniería Civil,F,3,3.2,1
20182,5011470,20171,Biología,F,3,3.5,1
20182,8912587,20152,Ingeniería Civil,M,3,3.6,2
20182,8918051,20161,Biología,M,3,3.8,2
20182,8923535,20161,Ingeniería Civil,M,3,3.8,1
20182,1979665,20152,Ingeniería de Sistemas,M,3,3.2,1
20182,6128432,20151,Ingeniería Civil,M,3,3.4,2
20182,8936337,20171,Ingeniería de Sistemas,M,3,3.6,1
20182,8935545,20171,Biología,F,3,3.5,1
20182,5892766,20151,Biología,F,3,3.5,3
20182,8936525,20171,Matemáticas Aplicadas,M,3,4.5,1
20182,221068,20152,Ingeniería de Sistemas,M,3,3.1,2
20182,8917542,20161,Ingeniería Civil,F,3,3.2,2
20182,8919431,20161,Ingeniería Civil,M,3,3.9,2
20182,8935896,20171,Matemáticas Aplicadas,F,3,3.2,1
20182,5941691,20151,Ingeniería Civil,M,3,3.0,1
20182,8931683,20162,Ingeniería de Sistemas,M,3,3.2,1
20182,8913959,20161,Ingeniería Civil,M,3,3.8,1
20182,8935267,20171,Ingeniería Civil,M,3,3.9,1
20182,8918678,20161,Ingeniería Electrónica,M,3,3.5,1
20182,8925540,20162,Ingeniería de Sistemas,M,3,3.1,1
20182,8931869,20162,Ingeniería de Sistemas,M,3,4.0,1
20182,8931567,20162,Ingeniería de Sistemas,M,3,3.3,1
20182,8911218,20162,Ingeniería Civil,M,3,3.1,1
20182,8935088,20171,Ingeniería Civil,M,3,4.2,1
20182,8919472,20161,Ingeniería Electrónica,M,3,3.3,1
20182,8912716,20161,Ingeniería Electrónica,M,3,3.3,1
20182,1887703,20142,Ingeniería de Sistemas,M,3,3.0,2
20182,8918303,20161,Ingeniería Civil,M,3,3.5,1
20182,8920417,20161,Ingeniería Civil,M,3,2.5,2
20182,8926685,20162,Ingeniería Civil,F,3,3.2,1
20182,8924895,20162,Ingeniería Electrónica,M,3,2.4,1
20182,8919769,20161,Ingeniería Electrónica,M,3,4.2,1
20182,8917917,20161,Ingeniería Electrónica,F,3,4.5,1
20182,8925349,20161,Ingeniería Civil,F,3,3.0,1
20182,8912912,20161,Ingeniería Civil,M,3,2.1,2
20182,8931439,20162,Ingeniería de Sistemas,M,3,3.5,1
20182,8914726,20161,Ingeniería Electrónica,M,3,3.7,1
20182,5811545,20151,Ingeniería Electrónica,M,3, ,1
20182,8923793,20161,Ingeniería Civil,M,3,2.8,1
20182,2178722,20142,Ingeniería Electrónica,M,3,2.6,1
20182,8918534,20161,Ingeniería Electrónica,M,3,3.2,1
20182,6094923,20151,Ingeniería de Sistemas,M,3,3.0,2
20182,8911440,20162,Ingeniería Civil,M,3, ,1
20182,8918483,20161,Ingeniería Civil,M,3,3.0,3
20182,222969,20151,Ingeniería de Sistemas,M,3,4.1,1
20182,8751071,20152,Ingeniería de Sistemas,M,3,1.6,1
20182,8918642,20161,Ingeniería Civil,M,3,3.6,1
20182,8924093,20161,Ingeniería Civil,F,3,3.5,1
20182,8927468,20162,Negocios Internacionales,F,3,4.0,1
20182,8931827,20162,Ingeniería Civil,F,3,3.2,1
20182,8934920,20171,Negocios Internacionales,F,3,2.8,1
20182,6410485,20152,Negocios Internacionales,M,3,3.6,1
20182,8935537,20171,Negocios Internacionales,F,3,3.2,1
20182,8913372,20161,Negocios Internacionales,F,3,3.6,1
20182,8917872,20161,Negocios Internacionales,F,3,3.4,1
20182,8935243,20171,Negocios Internacionales,M,3,3.3,1
20182,8912764,20152,Biología,M,3,3.0,1
20182,220255,20141,Negocios Internacionales,M,3,3.0,1
20182,6299342,20161,Negocios Internacionales,F,3,3.1,1
20182,8936117,20171,Biología,M,3,3.8,1
20182,8932484,20162,Biología,M,3,2.7,1
20182,8931658,20162,Ingeniería Civil,F,3,3.8,1
20182,8936213,20171,Biología,F,3,4.0,1
20182,8935536,20171,Biología,F,3,3.9,1
20182,1892168,20142,Negocios Internacionales,M,3,3.3,2
20182,8912583,20152,Ingeniería Civil,M,3, ,1
20182,8935467,20171,Biología,F,3, ,1
20182,8911717,20152,Negocios Internacionales,F,3,2.7,2
20182,4475533,20161,Negocios Internacionales,F,3,3.7,1
20182,8913590,20162,Ingeniería Civil,M,3,4.3,1
20182,8910265,20152,Negocios Internacionales,M,3,3.7,2
20182,4497234,20151,Negocios Internacionales,F,3,3.3,1
20182,8748348,20152,Negocios Internacionales,M,3,3.0,1
20182,8916507,20161,Biología,F,3,4.0,2
20182,6123572,20151,Ingeniería Electrónica,F,3,4.2,2
20182,2117763,20142,Negocios Internacionales,M,3,2.1,1
20182,6036619,20151,Negocios Internacionales,F,3,2.7,3
20182,6014706,20151,Negocios Internacionales,F,3,2.8,1
20182,221197,20152,Negocios Internacionales,M,3,3.0,2
20182,8936280,20171,Negocios Internacionales,F,3,3.7,1
20182,1986038,20142,Negocios Internacionales,M,3,3.1,2
20182,1821273,20142,Negocios Internacionales,F,3,3.5,2
20182,8923031,20161,Negocios Internacionales,M,3,3.9,1
20182,8935254,20171,Negocios Internacionales,M,3,3.4,1
20182,220608,20161,Negocios Internacionales,F,3,4.3,1
20182,6088074,20152,Negocios Internacionales,F,3,3.3,1
20182,8923844,20161,Negocios Internacionales,F,3,3.8,1
20182,8932468,20162,Ingeniería Civil,M,3,3.8,1
20182,8919458,20161,Ingeniería Civil,M,3,3.7,1
20182,8934897,20171,Negocios Internacionales,F,3,3.8,1
20182,8935259,20171,Ingeniería Civil,M,3,4.1,1
20182,8919415,20161,Negocios Internacionales,F,3,3.6,1
20182,8910543,20152,Negocios Internacionales,F,3,3.0,1
20182,8931182,20162,Ingeniería Civil,M,3,4.0,1
20182,8923252,20161,Negocios Internacionales,F,3,3.6,1
20182,8923575,20161,Negocios Internacionales,F,3,3.4,1
20182,8931409,20162,Ingeniería Civil,M,3,4.3,1
20182,8918527,20161,Negocios Internacionales,F,3,4.0,1
20182,8922211,20161,Negocios Internacionales,M,3,4.0,1
20182,8922961,20162,Ingeniería Civil,F,3,3.7,1
20182,8918701,20161,Ingeniería Civil,M,3,3.4,1
20182,8935577,20171,Negocios Internacionales,M,3,4.0,1
20182,6010730,20162,Ingeniería Civil,M,3,3.7,1
20182,8918509,20161,Negocios Internacionales,F,3,3.7,1
20182,1893343,20152,Ingeniería Electrónica,M,3,4.8,1
20182,8929714,20162,Ingeniería Civil,M,3,3.8,1
20182,8931327,20162,Ingeniería Civil,M,3,4.0,1
20182,217935,20131,Ingeniería Electrónica,M,3,4.0,2
20182,5118756,20171,Negocios Internacionales,F,3,3.7,1
20182,8910748,20161,Negocios Internacionales,F,3,4.0,1
20182,8922156,20161,Negocios Internacionales,F,3,4.1,1
20182,5473231,20151,Ingeniería Civil,M,3,3.1,2
20182,8936380,20171,Economía,M,3,4.8,1
20182,220582,20132,Negocios Internacionales,F,3,3.4,1
20182,2741413,20142,Negocios Internacionales,M,3,3.0,2
20182,8930812,20162,Ingeniería Civil,M,3,3.7,1
20182,8928635,20162,Negocios Internacionales,F,3,3.7,1
20182,8911857,20162,Ingeniería de Sistemas,M,3,3.0,1
20182,6076209,20162,Ingeniería de Sistemas,M,3,4.5,1
20182,8935995,20171,Ingeniería Electrónica,M,3,3.9,1
20182,8934663,20171,Ingeniería Civil,F,3,3.6,1
20182,8923278,20162,Ingeniería de Sistemas,F,3,4.1,1
20182,8923606,20161,Ingeniería Electrónica,M,3,3.6,1
20182,8936066,20171,Ingeniería Civil,F,3,3.6,1
20182,8923879,20161,Ingeniería Civil,F,3,1.9,1
20182,8922543,20161,Ingeniería Electrónica,M,3,3.8,1
20182,8922508,20161,Ingeniería Electrónica,M,3,4.2,1
20182,8923900,20161,Ingeniería Electrónica,M,3,3.7,1
20182,8931414,20162,Ingeniería de Sistemas,F,3,3.6,1
20182,8925260,20162,Ingeniería Civil,M,3,3.0,1
20182,8918796,20161,Ingeniería Electrónica,M,3,4.1,1
20182,8922254,20161,Ingeniería Electrónica,M,3,3.4,1
20182,8922565,20161,Ingeniería Electrónica,M,3,3.3,1
20182,8923891,20162,Ingeniería de Sistemas,M,3,3.9,1
20182,6036110,20162,Ingeniería de Sistemas,F,3,2.6,1
20182,8932478,20162,Ingeniería Civil,F,3,3.7,1
20182,8914781,20161,Ingeniería Electrónica,M,3,3.3,1
20182,8931328,20162,Ingeniería Civil,F,3,2.7,1
20182,8917453,20161,Ingeniería Electrónica,M,3,4.1,1
20182,8918532,20171,Ingeniería Civil,M,3,3.7,1
20182,8936064,20171,Ingeniería Civil,M,3,3.1,1
20182,8936081,20171,Ingeniería Civil,F,3,3.5,1
20182,8919618,20161,Ingeniería Electrónica,M,3,3.9,1
20182,8922635,20161,Ingeniería Electrónica,F,3,4.7,1
20182,8920418,20161,Ingeniería Electrónica,F,3,3.1,1
20182,8920404,20161,Ingeniería Civil,M,3,3.5,1
20182,8934844,20171,Ingeniería Civil,F,3,3.1,1
20182,8936030,20171,Ingeniería Civil,F,3,3.2,1
20182,8935158,20171,Ingeniería Civil,M,3,2.6,1
20182,8922207,20161,Ingeniería Electrónica,F,3,2.8,1
20182,225194,20151,Negocios Internacionales,M,3,2.6,2
20182,8932845,20162,Ingeniería Electrónica,M,3,3.5,1
20182,8918536,20161,Ingeniería Electrónica,F,3,3.0,1
20182,8947651,20182,ALE Pregrado Internacional,M,3,4.5,1
20182,8911651,20152,Negocios Internacionales,F,3,4.2,1
20182,8917703,20181,Negocios Internacionales,M,3, ,1
20182,2114480,20171,Ingeniería Civil,M,3, ,2
20182,8913103,20152,Ingeniería Electrónica,M,3,1.7,1
20182,5437935,20151,Biología,M,3,0.8,1
20182,8934976,20171,Biología,M,3,3.3,1
20182,8918175,20161,Ingeniería de Sistemas,M,3, ,1
20182,8924354,20161,Ingeniería Civil,M,3,2.5,1
20182,8751679,20152,Ingeniería Electrónica,M,3,2.2,1
20182,2632271,20142,Biología,M,3,1.0,1
20182,8911210,20152,Ingeniería Electrónica,M,3,2.4,1
20182,223552,20141,Ingeniería de Sistemas,M,3,3.3,2
20182,8912408,20162,Ingeniería Electrónica,M,3,4.4,2
20182,8925788,20161,Ingeniería Civil,M,3,1.5,1
20182,8926953,20161,Negocios Internacionales,M,3,3.2,1
20182,8931488,20162,Ingeniería Civil,M,3,3.0,1
20182,8917345,20161,Biología,M,3,1.9,1
20182,217302,20142,Ingeniería Civil,M,3,2.1,3
20182,8931099,20162,Ingeniería Civil,M,3,3.1,1
20182,8934926,20171,Negocios Internacionales,M,3,2.0,1
20182,8922269,20161,Ingeniería Civil,M,3,3.1,2
20182,5901473,20162,Ingeniería Civil,F,3,3.7,1
20182,1894286,20171,Biología,F,3,4.4,1
20182,8927621,20162,Ingeniería de Sistemas,F,3,3.5,1
20182,5431088,20151,Ingeniería Civil,M,3,3.4,1
20182,8932180,20162,Ingeniería de Sistemas,M,3,4.8,1
20182,8918489,20161,Ingeniería Civil,F,3,4.4,1
20182,218852,20151,Ingeniería Civil,F,3,3.5,3
20182,224085,20141,Negocios Internacionales,M,3,3.3,3
20182,8909245,20162,Ingeniería Electrónica,M,3, ,1
20182,8911874,20152,Ingeniería Civil,F,3,4.0,1
20182,8917999,20161,Ingeniería Civil,F,3,4.3,1
20182,224086,20151,Negocios Internacionales,M,3,3.4,2
20182,8923983,20161,Ingeniería Civil,M,3,3.7,1
20182,2362736,20142,Negocios Internacionales,F,3,3.0,3
20182,8912935,20171,Ingeniería Civil,F,3,4.0,1
20182,5440296,20162,Ingeniería Electrónica,M,3,3.0,1
20182,8932022,20162,Ingeniería Civil,F,3,4.6,1
20182,8923078,20161,Ingeniería Civil,M,3,3.6,1
20182,8922448,20161,Ingeniería Civil,M,3,3.8,1
20182,8922502,20161,Ingeniería Civil,M,3,4.0,2
20182,8913613,20162,Ingeniería Civil,F,3,4.2,1
20182,5813414,20161,Negocios Internacionales,M,3,3.3,1
20182,6116590,20151,Ingeniería Electrónica,M,3,3.3,2
20182,5812481,20151,Contaduría Pública,M,3,4.8,1
20182,5414732,20151,Contaduría Pública,F,3,4.6,1
20182,8853508,20152,Ingeniería de Sistemas,M,3, ,1
20182,8922142,20161,Ingeniería de Sistemas,M,3,3.0,2
20182,8914313,20161,Negocios Internacionales,F,3,4.2,1
20182,8936401,20171,Ingeniería de Sistemas,M,3,4.3,1
20182,8935677,20171,Ingeniería Civil,F,3,3.0,1
20182,8930433,20171,Ingeniería Civil,F,3,4.1,1
20182,8931492,20162,Ingeniería de Sistemas,M,3,4.8,1
20191,8925298,20171,Ingeniería Civil,F,3,3.7,1
20191,8935399,20171,Ingeniería Civil,M,3,4.5,1
20191,8940538,20172,Ingeniería Civil,M,3,4.6,1
20191,8935255,20171,Ingeniería Civil,M,3,3.4,1
20191,8939056,20172,Biología,F,3,4.6,1
20191,8934540,20171,Ingeniería Civil,M,3,3.5,1
20191,8935386,20171,Ingeniería Civil,F,3,4.6,1
20191,8936670,20181,Ingeniería Civil,M,3,3.7,1
20191,8934857,20171,Ingeniería Civil,F,3,3.2,1
20191,8919527,20161,Ingeniería de Sistemas,M,3,4.7,1
20191,8925971,20162,Ingeniería Electrónica,M,3,4.6,1
20191,8939728,20172,Ingeniería Civil,M,3,4.6,1
20191,8934994,20171,Ingeniería Civil,M,3,4.9,1
20191,8931502,20171,Ingeniería Civil,M,3,3.6,1
20191,8935456,20171,Ingeniería Civil,M,3,3.9,1
20191,8932369,20162,Ingeniería de Sistemas,M,3,4.4,1
20191,8932747,20162,Ingeniería de Sistemas,F,3,4.1,1
20191,8916430,20161,Ingeniería de Sistemas,M,3,4.0,1
20191,8918767,20161,Ingeniería de Sistemas,M,3,2.7,1
20191,8935484,20171,Ingeniería Civil,M,3,4.6,1
20191,8935877,20171,Ingeniería Civil,F,3,3.7,1
20191,8934652,20171,Ingeniería Civil,M,3,4.4,1
20191,8912292,20161,Ingeniería de Sistemas,M,3,3.8,1
20191,8935341,20171,Ingeniería Civil,M,3,4.7,1
20191,6036110,20162,Ingeniería de Sistemas,F,3,4.2,2
20191,8935578,20171,Ingeniería Civil,F,3,4.1,1
20191,8938850,20172,Biología,F,3,3.7,1
20191,8931457,20162,Ingeniería Civil,M,3,3.5,1
20191,8939130,20172,Ingeniería Civil,M,3,4.0,1
20191,5943663,20172,Ingeniería Civil,M,3,4.1,1
20191,8938994,20172,Ingeniería Civil,M,3,4.8,1
20191,8912583,20152,Ingeniería Civil,M,3,2.5,2
20191,8937604,20172,Biología,M,3,4.6,1
20191,8913530,20152,Ingeniería de Sistemas,M,3,2.9,1
20191,75892,20121,Ingeniería Civil,M,3,3.1,2
20191,8926036,20162,Ingeniería de Sistemas,M,3,3.4,1
20191,8935219,20171,Ingeniería Civil,M,3,2.7,1
20191,8935490,20171,Ingeniería Civil,M,3,3.0,1
20191,8924459,20161,Ingeniería de Sistemas,M,3,3.1,1
20191,8934729,20171,Ingeniería Civil,F,3,2.7,1
20191,8934966,20171,Ingeniería Civil,M,3,3.6,1
20191,5435091,20151,Ingeniería Electrónica,M,3,3.1,1
20191,8935208,20171,Ingeniería Civil,M,3,2.5,1
20191,8937869,20172,Ingeniería Civil,M,3,3.0,1
20191,8911440,20162,Ingeniería Civil,M,3,3.6,2
20191,8917345,20161,Biología,M,3,3.7,2
20191,8747435,20171,Negocios Internacionales,F,3,2.7,1
20191,224367,20141,Ingeniería Civil,F,3,4.1,3
20191,8935100,20171,Ingeniería Civil,F,3, ,1
20191,8919689,20161,Ingeniería Electrónica,M,3,0.8,1
20191,8923879,20161,Ingeniería Civil,F,3,3.9,2
20191,8940311,20172,Ingeniería Civil,M,3,4.7,1
20191,8935150,20171,Negocios Internacionales,F,3,4.5,1
20191,8940044,20172,Negocios Internacionales,F,3,4.2,1
20191,8911898,20162,Negocios Internacionales,M,3,3.8,1
20191,8938936,20172,Negocios Internacionales,M,3,4.3,1
20191,2022037,20191,Negocios Internacionales,M,3,3.1,1
20191,8938385,20172,Negocios Internacionales,F,3,4.7,1
20191,8938932,20172,Negocios Internacionales,M,3,3.6,1
20191,8931206,20162,Negocios Internacionales,F,3,3.4,1
20191,8931867,20162,Negocios Internacionales,F,3,3.4,1
20191,8924769,20162,Negocios Internacionales,F,3,3.0,1
20191,1512775,20191,Negocios Internacionales,F,3,3.5,1
20191,2321163,20142,Ingeniería Civil,M,3,3.0,2
20191,8935795,20171,Ingeniería Civil,F,3,3.6,1
20191,8934974,20171,Ingeniería Civil,M,3,4.2,1
20191,8935245,20171,Ingeniería Civil,M,3,3.9,1
20191,8935905,20171,Ingeniería Civil,M,3,3.3,1
20191,8911344,20172,Negocios Internacionales,M,3,4.0,1
20191,8940505,20172,Negocios Internacionales,M,3,4.1,1
20191,8935482,20171,Negocios Internacionales,F,3,3.3,1
20191,8935355,20171,Biología,F,3,3.0,1
20191,1982250,20142,Biología,M,3,2.3,1
20191,8932484,20162,Biología,M,3,2.6,2
20191,2632271,20142,Biología,M,3,3.0,2
20191,8751679,20152,Ingeniería Electrónica,M,3,2.7,2
20191,217302,20142,Ingeniería Civil,M,3,3.3,4
20191,8934926,20171,Negocios Internacionales,M,3,2.7,2
20191,8931403,20162,Biología,M,3,3.0,1
20191,8932495,20171,Negocios Internacionales,M,3,3.1,1
20191,8931322,20162,Negocios Internacionales,F,3,3.0,1
20191,8912422,20152,Negocios Internacionales,M,3, ,1
20191,5437935,20151,Biología,M,3,2.5,2
20191,8934768,20171,Ingeniería Civil,M,3,4.5,1
20191,8934935,20171,Ingeniería Civil,M,3,3.7,1
20191,8932423,20162,Negocios Internacionales,M,3,3.3,1
20191,8918257,20161,Negocios Internacionales,F,3,3.9,1
20191,8932719,20162,Negocios Internacionales,F,3,3.8,1
20191,1709657,20142,Negocios Internacionales,M,3,3.0,2
20191,220286,20141,Negocios Internacionales,F,3, ,1
20191,8914717,20162,Negocios Internacionales,F,3,3.3,1
20191,5876783,20161,Negocios Internacionales,F,3,2.7,1
20191,200200,20171,Negocios Internacionales,M,3,3.2,3
20191,6017925,20182,Negocios Internacionales,M,3,3.5,1
20191,8920417,20161,Ingeniería Civil,M,3,3.7,3
20191,5892033,20162,Negocios Internacionales,F,3,3.3,1
20191,8932278,20162,Ingeniería Civil,M,3,3.9,1
20191,8926269,20162,Negocios Internacionales,M,3,3.3,1
20191,8935593,20171,Negocios Internacionales,F,3,3.1,1
20191,8934614,20171,Ingeniería Civil,M,3,3.3,1
20191,2117763,20142,Negocios Internacionales,M,3, ,2
20191,8938832,20172,Ingeniería Civil,F,3,4.1,1
20191,8935666,20171,Ingeniería Civil,F,3,3.7,1
20191,5477444,20151,Contaduría Pública,F,3,3.6,1
20191,8933210,20172,Ingeniería Civil,F,3,3.0,1
20191,8934834,20171,Ingeniería Civil,M,3,3.6,1
20191,8934975,20171,Ingeniería Civil,M,3,3.7,1
20191,8935492,20171,Ingeniería Civil,M,3,2.5,1
20191,8936050,20171,Ingeniería Civil,M,3,4.5,1
20191,8935571,20171,Ingeniería Civil,M,3,4.4,1
20191,8934989,20171,Ingeniería Civil,M,3,4.2,1
20191,8913369,20171,Ingeniería Civil,M,3,3.8,1
20191,8934679,20171,Ingeniería Civil,M,3,4.2,1
20191,8935086,20171,Ingeniería Civil,M,3,3.2,1
20191,8935268,20171,Ingeniería Civil,F,3,3.6,1
20191,8934551,20171,Ingeniería Civil,M,3,3.6,1
20191,8934928,20171,Ingeniería Civil,M,3,4.2,1
20191,8934274,20171,Ingeniería Civil,M,3,3.3,1
20191,8935214,20171,Ingeniería Civil,F,3,3.0,1
20191,8919690,20161,Ingeniería Electrónica,M,3,2.6,1
20191,8931965,20172,Ingeniería Civil,M,3,3.0,1
20191,8931328,20162,Ingeniería Civil,F,3,4.4,2
20191,8924354,20161,Ingeniería Civil,M,3,3.6,2
20191,8934728,20171,Ingeniería Civil,M,3,4.1,1
20191,8935270,20171,Ingeniería Civil,M,3,2.1,1
20191,8918715,20161,Ingeniería Electrónica,M,3,2.9,1
20191,8934946,20171,Ingeniería Civil,M,3,3.0,1
20191,8918234,20161,Ingeniería Civil,M,3,2.8,1
20191,8935580,20171,Ingeniería Civil,M,3,3.8,1
20191,5435562,20151,Ingeniería Electrónica,M,3,2.5,1
20191,8934580,20171,Ingeniería Civil,M,3,3.3,1
20191,8936111,20171,Ingeniería Civil,F,3,3.4,1
20191,8935284,20171,Ingeniería de Sistemas,M,3,2.5,1
20191,6272752,20161,Negocios Internacionales,M,3,2.1,1
20191,8935601,20171,Ingeniería de Sistemas,M,3,3.8,1
20191,8911667,20161,Negocios Internacionales,M,3,3.2,1
20191,8935867,20171,Ingeniería de Sistemas,F,3,3.2,1
20191,8912185,20162,Negocios Internacionales,M,3,2.5,1
20191,8934841,20171,Ingeniería de Sistemas,M,3,3.0,1
20191,8935155,20171,Ingeniería de Sistemas,M,3,3.3,1
20191,8936235,20171,Ingeniería de Sistemas,M,3,3.9,1
20191,8935103,20171,Ingeniería de Sistemas,M,3,2.0,1
20191,8936201,20171,Ingeniería de Sistemas,M,3,3.5,1
20191,8923671,20161,Ingeniería Electrónica,M,3, ,1
20191,8931911,20162,Ingeniería de Sistemas,M,3,2.6,1
20191,8935404,20171,Ingeniería de Sistemas,M,3,2.2,1
20191,8936383,20171,Ingeniería Civil,M,3,2.1,1
20191,8935139,20171,Ingeniería de Sistemas,M,3,3.5,1
20191,8927002,20161,Ingeniería Civil,M,3, ,1
20191,8936404,20171,Ingeniería de Sistemas,M,3,2.4,1
20191,5273941,20151,Ingeniería Electrónica,M,3,2.0,1
20191,8935202,20171,Ingeniería de Sistemas,M,3,3.1,1
20191,8912325,20152,Ingeniería Civil,M,3,2.1,1
20191,8935861,20171,Ingeniería de Sistemas,M,3,2.1,1
20191,8925788,20161,Ingeniería Civil,M,3,2.3,2
20191,8934985,20171,Ingeniería de Sistemas,F,3,3.0,1
20191,8912447,20152,Negocios Internacionales,M,3,2.1,1
20191,8922667,20161,Ingeniería Civil,M,3,1.0,1
20191,8912500,20161,Negocios Internacionales,M,3,2.2,1
20191,8935822,20171,Negocios Internacionales,M,3,2.1,1
20191,8924142,20161,Ingeniería Electrónica,M,3,3.0,1
20191,6039120,20161,Ingeniería Civil,F,3,2.3,1
20191,6035128,20151,Negocios Internacionales,F,3,3.1,1
20191,8930405,20162,Negocios Internacionales,M,3,4.3,1
20191,8931964,20162,Negocios Internacionales,M,3,3.0,1
20191,8938910,20172,Negocios Internacionales,F,3,3.3,1
20191,8918235,20161,Ingeniería Electrónica,M,3,3.5,1
20191,5902208,20171,Negocios Internacionales,F,3, ,1
20191,8938335,20172,Negocios Internacionales,M,3,3.2,1
20191,8931714,20162,Negocios Internacionales,F,3,2.0,1
20191,8931337,20162,Negocios Internacionales,M,3,3.9,1
20191,8931980,20162,Negocios Internacionales,M,3,3.6,1
20191,8934934,20171,Ingeniería Civil,M,3,4.7,1
20191,8939488,20172,Negocios Internacionales,M,3,3.4,1
20191,8935382,20171,Negocios Internacionales,F,3,3.9,1
20191,8938164,20172,Negocios Internacionales,M,3,4.0,1
20191,6074644,20172,Negocios Internacionales,M,3,4.3,1
20191,8933170,20171,Negocios Internacionales,M,3,3.1,1
20191,8937667,20172,Negocios Internacionales,F,3,3.6,1
20191,8931732,20162,Negocios Internacionales,F,3,4.3,1
20191,8940316,20172,Negocios Internacionales,F,3,3.7,1
20191,8922181,20161,Ingeniería Civil,M,3,3.6,1
20191,8940734,20172,Negocios Internacionales,M,3,3.0,1
20191,8929913,20162,Negocios Internacionales,M,3,3.2,1
20191,8935212,20171,Ingeniería Civil,M,3,4.0,1
20191,8931918,20162,Negocios Internacionales,F,3,3.4,1
20191,8923407,20162,Negocios Internacionales,M,3,4.0,1
20191,8911022,20152,Negocios Internacionales,F,3,3.0,1
20191,8911622,20152,Negocios Internacionales,M,3,1.8,1
20191,8939092,20172,Negocios Internacionales,F,3,4.4,1
20191,8939904,20172,Biología,F,3,3.7,1
20191,8911301,20162,Biología,M,3,3.1,1
20191,8931613,20162,Ingeniería Electrónica,M,3,2.3,1
20191,8932174,20162,Negocios Internacionales,F,3,4.0,1
20191,2178722,20142,Ingeniería Electrónica,M,3,3.0,2
20191,8911780,20162,Negocios Internacionales,F,3,4.5,1
20191,8918479,20161,Ingeniería Electrónica,M,3,3.7,1
20191,8931815,20162,Ingeniería Electrónica,F,3,4.8,1
20191,8930783,20162,Ingeniería Electrónica,M,3,4.0,1
20191,8932806,20162,Ingeniería Civil,M,3,3.6,1
20191,8935129,20171,Ingeniería Civil,M,3,4.2,1
20191,8934877,20171,Ingeniería Civil,F,3,4.1,1
20191,8935430,20171,Ingeniería Civil,F,3,4.0,1
20191,5458294,20151,Ingeniería Electrónica,M,3,3.4,1
20191,5318077,20151,Ingeniería Civil,F,3,3.1,1
20191,8935038,20172,Ingeniería Civil,M,3,3.5,1
20191,8935006,20171,Ingeniería Civil,M,3,3.8,1
20191,8911717,20152,Negocios Internacionales,F,3,3.5,3
20191,6120239,20151,Ingeniería Civil,M,3,4.2,2
20191,8923209,20161,Ingeniería Civil,M,3,3.6,1
20191,8912736,20162,Ingeniería Electrónica,M,3,3.2,1
20191,8932111,20162,Ingeniería de Sistemas,M,3,3.5,1
20191,2315775,20142,Ingeniería Civil,M,3,3.4,2
20191,8926566,20171,Ingeniería Civil,F,3,3.2,1
20191,8939464,20182,Ingeniería Civil,M,3,2.6,1
20191,8934670,20171,Ingeniería Civil,F,3,3.9,1
20191,8932457,20171,Ingeniería Civil,F,3,3.4,1
20191,8923069,20161,Ingeniería Civil,M,3,3.3,1
20191,8935467,20171,Biología,F,3, ,2
20191,8940230,20172,Ingeniería Electrónica,M,3,5.0,1
20191,8912087,20161,Ingeniería Civil,M,3,3.3,1
20191,8923923,20162,Ingeniería Civil,M,3,3.0,1
20191,8923262,20161,Ingeniería Electrónica,M,3,3.7,1
20191,8929586,20162,Ingeniería Electrónica,M,3,3.8,1
20191,8934744,20171,Ingeniería Civil,M,3,4.4,1
20191,8936138,20171,Ingeniería Civil,M,3,3.1,1
20191,8935158,20171,Ingeniería Civil,M,3,3.6,2
20191,8924895,20162,Ingeniería Electrónica,M,3,3.7,2
20191,2114480,20171,Ingeniería Civil,M,3,3.3,3
20191,8922306,20161,Ingeniería Electrónica,M,3,4.7,1
20191,8934626,20171,Ingeniería Civil,F,3,3.8,1
